label_true,binary_true,decision,binary_prediction,binary_probability,attack_type,correct
DDoS,1,ATTACK,1,0.9984843704139486,DDoS,True
DDoS,1,ATTACK,1,0.9999018496827596,DDoS,True
DDoS,1,ATTACK,1,0.997824695620242,DDoS,True
DDoS,1,ATTACK,1,0.9027245253076588,DDoS,True
DDoS,1,ATTACK,1,0.9976724528980122,DDoS,True
DDoS,1,ATTACK,1,0.896495106798787,DDoS,True
DDoS,1,ATTACK,1,0.9978259994651004,DDoS,True
DDoS,1,ATTACK,1,0.9027245253076588,DDoS,True
DDoS,1,ATTACK,1,0.9975862887620384,DDoS,True
DDoS,1,ATTACK,1,0.8837451067987872,DDoS,True
DDoS,1,ATTACK,1,0.9978267888382156,DDoS,True
DDoS,1,ATTACK,1,0.8681304459048934,DDoS,True
DDoS,1,ATTACK,1,0.997824695620242,DDoS,True
DDoS,1,ATTACK,1,0.8862451067987871,DDoS,True
DDoS,1,ATTACK,1,0.997824695620242,DDoS,True
DDoS,1,ATTACK,1,0.8862451067987871,DDoS,True
DDoS,1,ATTACK,1,0.9975486910472062,DDoS,True
DDoS,1,ATTACK,1,0.9854230628767108,DDoS,True
DDoS,1,ATTACK,1,0.9975486910472062,DoS Hulk,True
DDoS,1,ATTACK,1,0.9974320702361694,DDoS,True
DDoS,1,ATTACK,1,0.9975486910472062,DoS Hulk,True
DDoS,1,ATTACK,1,0.9854230628767108,DDoS,True
DDoS,1,ATTACK,1,0.9975486910472062,DoS Hulk,True
DDoS,1,ATTACK,1,0.9854230628767108,DDoS,True
DDoS,1,ATTACK,1,0.9975486910472062,DoS Hulk,True
DDoS,1,ATTACK,1,0.9854230628767108,DDoS,True
DDoS,1,ATTACK,1,0.9975486910472062,DoS Hulk,True
DDoS,1,ATTACK,1,0.9854230628767108,DDoS,True
DDoS,1,ATTACK,1,0.9975486910472062,DoS Hulk,True
DDoS,1,ATTACK,1,0.9854230628767108,DDoS,True
DDoS,1,ATTACK,1,0.9978267888382156,DDoS,True
DDoS,1,ATTACK,1,0.9854215018401824,DDoS,True
DDoS,1,ATTACK,1,0.997824695620242,DDoS,True
DDoS,1,ATTACK,1,0.9854100373245192,DDoS,True
DDoS,1,ATTACK,1,0.997824695620242,DDoS,True
DDoS,1,ATTACK,1,0.9854100373245192,DDoS,True
DDoS,1,ATTACK,1,0.9948583680561308,DDoS,True
DDoS,1,ATTACK,1,0.9854100373245192,DDoS,True
DDoS,1,ATTACK,1,0.997721003780054,DDoS,True
DDoS,1,ATTACK,1,0.9854100373245192,DDoS,True
DDoS,1,ATTACK,1,0.9973694396645798,DDoS,True
DDoS,1,ATTACK,1,0.9854100373245192,DDoS,True
DDoS,1,ATTACK,1,0.9975486910472062,DDoS,True
DDoS,1,ATTACK,1,0.9854100373245192,DDoS,True
DDoS,1,ATTACK,1,0.9975486910472062,DoS Hulk,True
DDoS,1,ATTACK,1,0.9854100373245192,DDoS,True
DDoS,1,ATTACK,1,0.9975486910472062,DoS Hulk,True
DDoS,1,ATTACK,1,0.9854100373245192,DDoS,True
DDoS,1,ATTACK,1,0.9978267888382156,DDoS,True
DDoS,1,ATTACK,1,0.9999211920914656,DDoS,True
DDoS,1,ATTACK,1,0.9978267888382156,DDoS,True
DDoS,1,ATTACK,1,0.9879079969840736,DDoS,True
DDoS,1,ATTACK,1,0.997824695620242,DDoS,True
DDoS,1,ATTACK,1,0.9832330717623609,DDoS,True
DDoS,1,ATTACK,1,0.997824695620242,DDoS,True
DDoS,1,ATTACK,1,0.9998608618889736,DDoS,True
DDoS,1,ATTACK,1,0.997824695620242,DDoS,True
DDoS,1,ATTACK,1,0.9998963215806675,DDoS,True
DDoS,1,ATTACK,1,0.9978259994651004,DDoS,True
DDoS,1,ATTACK,1,0.9998608618889732,DDoS,True
DDoS,1,ATTACK,1,0.997735454647106,DDoS,True
DDoS,1,ATTACK,1,0.9998608618889732,DDoS,True
DDoS,1,ATTACK,1,0.9975486910472062,DDoS,True
DDoS,1,ATTACK,1,0.9998608618889736,DDoS,True
DDoS,1,ATTACK,1,0.9978267888382156,DDoS,True
DDoS,1,ATTACK,1,0.999888102622424,DDoS,True
DDoS,1,ATTACK,1,0.997824695620242,DDoS,True
DDoS,1,ATTACK,1,0.999786301497798,DDoS,True
DDoS,1,ATTACK,1,0.997824695620242,DDoS,True
DDoS,1,ATTACK,1,0.999786301497798,DDoS,True
DDoS,1,ATTACK,1,0.9975486910472062,DDoS,True
DDoS,1,ATTACK,1,0.9999211920914656,DDoS,True
DDoS,1,ATTACK,1,0.9975486910472062,DoS Hulk,True
DDoS,1,ATTACK,1,0.9999211920914656,DDoS,True
DDoS,1,ATTACK,1,0.992225249678659,DDoS,True
DDoS,1,ATTACK,1,0.9999211920914656,DDoS,True
DDoS,1,ATTACK,1,0.9973870452983826,DDoS,True
DDoS,1,ATTACK,1,0.9999211920914656,DDoS,True
DDoS,1,ATTACK,1,0.992225249678659,DDoS,True
DDoS,1,ATTACK,1,0.9999211920914656,DDoS,True
DDoS,1,ATTACK,1,0.992225249678659,DDoS,True
DDoS,1,ATTACK,1,0.9879079969840738,DDoS,True
DDoS,1,ATTACK,1,0.9879079969840736,DDoS,True
DDoS,1,ATTACK,1,0.9975486910472062,DDoS,True
DDoS,1,ATTACK,1,0.9999211920914656,DDoS,True
DDoS,1,ATTACK,1,0.997824695620242,DDoS,True
DDoS,1,ATTACK,1,0.9878999416332692,DDoS,True
DDoS,1,ATTACK,1,0.997824695620242,DDoS,True
DDoS,1,ATTACK,1,0.9999178986454232,DDoS,True
DDoS,1,ATTACK,1,0.997824695620242,DDoS,True
DDoS,1,ATTACK,1,0.9878955518176415,DDoS,True
DDoS,1,ATTACK,1,0.9925862887620382,DDoS,True
DDoS,1,ATTACK,1,0.9999178986454232,DDoS,True
DDoS,1,ATTACK,1,0.9925862887620382,DDoS,True
DDoS,1,ATTACK,1,0.9878955518176418,DDoS,True
DDoS,1,ATTACK,1,0.9925862887620382,DDoS,True
DDoS,1,ATTACK,1,0.9999178986454232,DDoS,True
DDoS,1,ATTACK,1,0.9925862887620382,DDoS,True
DDoS,1,ATTACK,1,0.9878955518176415,DDoS,True
DDoS,1,ATTACK,1,0.9925862887620382,DDoS,True
DDoS,1,ATTACK,1,0.9878955518176415,DDoS,True
DDoS,1,ATTACK,1,0.9978139448173642,DDoS,True
DDoS,1,ATTACK,1,0.9999178986454232,DDoS,True
DDoS,1,ATTACK,1,0.9978259994651004,DDoS,True
DDoS,1,ATTACK,1,0.9878955518176418,DDoS,True
DDoS,1,ATTACK,1,0.9978136412214248,DDoS,True
DDoS,1,ATTACK,1,0.983233071762361,DDoS,True
DDoS,1,ATTACK,1,0.9948583680561308,DDoS,True
DDoS,1,ATTACK,1,0.983233071762361,DDoS,True
DDoS,1,ATTACK,1,0.9978136412214248,DDoS,True
DDoS,1,ATTACK,1,0.9832330717623609,DDoS,True
DDoS,1,ATTACK,1,0.9948583680561308,DDoS,True
DDoS,1,ATTACK,1,0.9832330717623609,DDoS,True
DDoS,1,ATTACK,1,0.9948583680561308,DDoS,True
DDoS,1,ATTACK,1,0.9832330717623609,DDoS,True
DDoS,1,ATTACK,1,0.9978136412214248,DDoS,True
DDoS,1,ATTACK,1,0.983233071762361,DDoS,True
DDoS,1,ATTACK,1,0.9978136412214248,DDoS,True
DDoS,1,ATTACK,1,0.9832330717623609,DDoS,True
DDoS,1,ATTACK,1,0.9977958757259648,DDoS,True
DDoS,1,ATTACK,1,0.983233071762361,DDoS,True
DDoS,1,ATTACK,1,0.9976735836080982,DDoS,True
DDoS,1,ATTACK,1,0.9998439127364313,DDoS,True
DDoS,1,ATTACK,1,0.997824695620242,DDoS,True
DDoS,1,ATTACK,1,0.9998808619823052,DDoS,True
DDoS,1,ATTACK,1,0.997824695620242,DDoS,True
DDoS,1,ATTACK,1,0.9998808619823052,DDoS,True
DDoS,1,ATTACK,1,0.9925862887620382,DDoS,True
DDoS,1,ATTACK,1,0.9998608618889736,DDoS,True
DDoS,1,ATTACK,1,0.997824695620242,DDoS,True
DDoS,1,ATTACK,1,0.9998608618889732,DDoS,True
DDoS,1,ATTACK,1,0.9925862887620382,DDoS,True
DDoS,1,ATTACK,1,0.9998608618889736,DDoS,True
DDoS,1,ATTACK,1,0.997824695620242,DDoS,True
DDoS,1,ATTACK,1,0.9998608618889736,DDoS,True
DDoS,1,ATTACK,1,0.997824695620242,DDoS,True
DDoS,1,ATTACK,1,0.9998608618889736,DDoS,True
DDoS,1,ATTACK,1,0.9925862887620382,DDoS,True
DDoS,1,ATTACK,1,0.9998608618889732,DDoS,True
DDoS,1,ATTACK,1,0.9934374288775004,DDoS,True
DDoS,1,ATTACK,1,0.9998608618889732,DDoS,True
DDoS,1,ATTACK,1,0.9973870452983826,DDoS,True
DDoS,1,ATTACK,1,0.997735454647106,DDoS,True
DDoS,1,ATTACK,1,0.9998608618889732,DDoS,True
DDoS,1,ATTACK,1,0.9924432155292338,DDoS,True
DDoS,1,ATTACK,1,0.9960051844769314,DDoS,True
DDoS,1,ATTACK,1,0.9921934577623608,DDoS,True
DDoS,1,ATTACK,1,0.9998808619823047,DDoS,True
DDoS,1,ATTACK,1,0.9921934577623608,DDoS,True
DDoS,1,ATTACK,1,0.9998904269011258,DDoS,True
DDoS,1,ATTACK,1,0.9973870452983826,DDoS,True
DDoS,1,ATTACK,1,0.9965417403146094,DDoS,True
DDoS,1,ATTACK,1,0.9921980017222558,DDoS,True
DDoS,1,ATTACK,1,0.9965417403146096,DDoS,True
DDoS,1,ATTACK,1,0.9921980017222558,DDoS,True
DDoS,1,ATTACK,1,0.9998904269011258,DDoS,True
DDoS,1,ATTACK,1,0.9973870452983826,DDoS,True
DDoS,1,ATTACK,1,0.999890426901126,DDoS,True
DDoS,1,ATTACK,1,0.9975486910472062,DoS Hulk,True
DDoS,1,ATTACK,1,0.9998750736479428,DDoS,True
DDoS,1,ATTACK,1,0.9975486910472062,DoS Hulk,True
DDoS,1,ATTACK,1,0.9998904269011258,DDoS,True
DDoS,1,ATTACK,1,0.997824695620242,DDoS,True
DDoS,1,ATTACK,1,0.9998733186668994,DDoS,True
DDoS,1,ATTACK,1,0.997824695620242,DDoS,True
DDoS,1,ATTACK,1,0.9998922849856924,DDoS,True
DDoS,1,ATTACK,1,0.997824695620242,DDoS,True
DDoS,1,ATTACK,1,0.9998733186668994,DDoS,True
DDoS,1,ATTACK,1,0.997824695620242,DDoS,True
DDoS,1,ATTACK,1,0.9998733186668992,DDoS,True
DDoS,1,ATTACK,1,0.997824695620242,DDoS,True
DDoS,1,ATTACK,1,0.9998733186668992,DDoS,True
DDoS,1,ATTACK,1,0.997824695620242,DDoS,True
DDoS,1,ATTACK,1,0.9998733186668992,DDoS,True
DDoS,1,ATTACK,1,0.9925862887620382,DDoS,True
DDoS,1,ATTACK,1,0.9998733186668992,DDoS,True
DDoS,1,ATTACK,1,0.9925862887620382,DDoS,True
DDoS,1,ATTACK,1,0.9998733186668994,DDoS,True
DDoS,1,ATTACK,1,0.9925862887620382,DDoS,True
DDoS,1,ATTACK,1,0.9998733186668992,DDoS,True
DDoS,1,ATTACK,1,0.9976735836080982,DDoS,True
DDoS,1,ATTACK,1,0.9998733186668992,DDoS,True
DDoS,1,ATTACK,1,0.9978259994651004,DDoS,True
DDoS,1,ATTACK,1,0.9998733186668992,DDoS,True
DDoS,1,ATTACK,1,0.9948583680561308,DDoS,True
DDoS,1,ATTACK,1,0.9998733186668994,DDoS,True
DDoS,1,ATTACK,1,0.9978259994651004,DDoS,True
DDoS,1,ATTACK,1,0.9998782161750868,DDoS,True
DDoS,1,ATTACK,1,0.9978259994651004,DDoS,True
DDoS,1,ATTACK,1,0.999878216175087,DDoS,True
DDoS,1,ATTACK,1,0.9984721853050454,DDoS,True
DDoS,1,ATTACK,1,0.9998274563955744,DDoS,True
DDoS,1,ATTACK,1,0.9978259994651004,DDoS,True
DDoS,1,ATTACK,1,0.9998274563955744,DDoS,True
DDoS,1,ATTACK,1,0.9978259994651004,DDoS,True
DDoS,1,ATTACK,1,0.9998274563955744,DDoS,True
DDoS,1,ATTACK,1,0.9978259994651004,DDoS,True
DDoS,1,ATTACK,1,0.9998274563955744,DDoS,True
DDoS,1,ATTACK,1,0.9978259994651004,DDoS,True
DDoS,1,ATTACK,1,0.9998983018328644,DDoS,True
DDoS,1,ATTACK,1,0.997824695620242,DDoS,True
DDoS,1,ATTACK,1,0.999865396914027,DDoS,True
DDoS,1,ATTACK,1,0.997824695620242,DDoS,True
DDoS,1,ATTACK,1,0.9998758080160928,DDoS,True
DDoS,1,ATTACK,1,0.997824695620242,DDoS,True
DDoS,1,ATTACK,1,0.9998861471940508,DDoS,True
DDoS,1,ATTACK,1,0.997824695620242,DDoS,True
DDoS,1,ATTACK,1,0.999875808016093,DDoS,True
DDoS,1,ATTACK,1,0.997824695620242,DDoS,True
DDoS,1,ATTACK,1,0.999875808016093,DDoS,True
DDoS,1,ATTACK,1,0.997824695620242,DDoS,True
DDoS,1,ATTACK,1,0.999875808016093,DDoS,True
DDoS,1,ATTACK,1,0.997824695620242,DDoS,True
DDoS,1,ATTACK,1,0.999856976113738,DDoS,True
DDoS,1,ATTACK,1,0.9925862887620382,DDoS,True
DDoS,1,ATTACK,1,0.9998758080160928,DDoS,True
DDoS,1,ATTACK,1,0.9707244811112749,DDoS,True
DDoS,1,ATTACK,1,0.999856976113738,DDoS,True
DDoS,1,ATTACK,1,0.9925862887620382,DDoS,True
DDoS,1,ATTACK,1,0.999875808016093,DDoS,True
DDoS,1,ATTACK,1,0.9963849813250528,DDoS,True
DDoS,1,ATTACK,1,0.999875808016093,DDoS,True
DDoS,1,ATTACK,1,0.9978259994651004,DDoS,True
DDoS,1,ATTACK,1,0.999856976113738,DDoS,True
DDoS,1,ATTACK,1,0.9978259994651004,DDoS,True
DDoS,1,ATTACK,1,0.999875808016093,DDoS,True
DDoS,1,ATTACK,1,0.9843763801186768,DDoS,True
DDoS,1,ATTACK,1,0.9998758080160932,DDoS,True
DDoS,1,ATTACK,1,0.9924432155292338,DDoS,True
DDoS,1,ATTACK,1,0.999856976113738,DDoS,True
DDoS,1,ATTACK,1,0.9976358316652758,DDoS,True
DDoS,1,ATTACK,1,0.9998791014621352,DDoS,True
DDoS,1,ATTACK,1,0.9975486910472062,DDoS,True
DDoS,1,ATTACK,1,0.9998660452474896,DDoS,True
DDoS,1,ATTACK,1,0.9977958757259648,DDoS,True
DDoS,1,ATTACK,1,0.999905143128802,DDoS,True
DDoS,1,ATTACK,1,0.9975486910472062,DDoS,True
DDoS,1,ATTACK,1,0.9998791014621352,DDoS,True
DDoS,1,ATTACK,1,0.9924916416793548,DDoS,True
DDoS,1,ATTACK,1,0.9998791014621352,DDoS,True
DDoS,1,ATTACK,1,0.9948532815861412,DDoS,True
DDoS,1,ATTACK,1,0.9998486234918484,DDoS,True
DDoS,1,ATTACK,1,0.9948532815861412,DDoS,True
DDoS,1,ATTACK,1,0.999905143128802,DDoS,True
DDoS,1,ATTACK,1,0.9712889972403072,DDoS,True
DDoS,1,ATTACK,1,0.9999435544914552,DDoS,True
DDoS,1,ATTACK,1,0.971288997240307,DDoS,True
DDoS,1,ATTACK,1,0.9998674649704568,DDoS,True
DDoS,1,ATTACK,1,0.971288997240307,DDoS,True
DDoS,1,ATTACK,1,0.9999435544914554,DDoS,True
DDoS,1,ATTACK,1,0.997824695620242,DDoS,True
DDoS,1,ATTACK,1,0.9998697575531637,DDoS,True
DDoS,1,ATTACK,1,0.997824695620242,DDoS,True
DDoS,1,ATTACK,1,0.9999435544914552,DDoS,True
DDoS,1,ATTACK,1,0.997824695620242,DDoS,True
DDoS,1,ATTACK,1,0.9998593000006252,DDoS,True
DDoS,1,ATTACK,1,0.971288997240307,DDoS,True
DDoS,1,ATTACK,1,0.9998593000006252,DDoS,True
DDoS,1,ATTACK,1,0.997824695620242,DDoS,True
DDoS,1,ATTACK,1,0.9999435544914554,DDoS,True
DDoS,1,ATTACK,1,0.9712889972403068,DDoS,True
DDoS,1,ATTACK,1,0.9998629971359612,DDoS,True
DDoS,1,ATTACK,1,0.997824695620242,DDoS,True
DDoS,1,ATTACK,1,0.9999435544914552,DDoS,True
DDoS,1,ATTACK,1,0.997824695620242,DDoS,True
DDoS,1,ATTACK,1,0.9998650374764064,DDoS,True
DDoS,1,ATTACK,1,0.9976724528980122,DDoS,True
DDoS,1,ATTACK,1,0.9999489131318072,DDoS,True
DDoS,1,ATTACK,1,0.9978259994651004,DDoS,True
DDoS,1,ATTACK,1,0.9999489131318072,DDoS,True
DDoS,1,ATTACK,1,0.9843763801186768,DDoS,True
DDoS,1,ATTACK,1,0.9998683672187936,DDoS,True
DDoS,1,ATTACK,1,0.9984845435487212,DDoS,True
DDoS,1,ATTACK,1,0.9999489131318072,DDoS,True
DDoS,1,ATTACK,1,0.9978259994651004,DDoS,True
DDoS,1,ATTACK,1,0.9998696606209236,DDoS,True
DDoS,1,ATTACK,1,0.9978259994651004,DDoS,True
DDoS,1,ATTACK,1,0.9998696606209236,DDoS,True
DDoS,1,ATTACK,1,0.9948583680561308,DDoS,True
DDoS,1,ATTACK,1,0.9998696606209236,DDoS,True
DDoS,1,ATTACK,1,0.9978259994651004,DDoS,True
DDoS,1,ATTACK,1,0.9987167458664452,DDoS,True
DDoS,1,ATTACK,1,0.9976724528980122,DDoS,True
DDoS,1,ATTACK,1,0.9999479800133604,DDoS,True
DDoS,1,ATTACK,1,0.997824695620242,DDoS,True
DDoS,1,ATTACK,1,0.9999449913715536,DDoS,True
DDoS,1,ATTACK,1,0.9984843704139486,DDoS,True
DDoS,1,ATTACK,1,0.9999479800133604,DDoS,True
DDoS,1,ATTACK,1,0.997824695620242,DDoS,True
DDoS,1,ATTACK,1,0.9999479800133604,DDoS,True
DDoS,1,ATTACK,1,0.9925862887620382,DDoS,True
DDoS,1,ATTACK,1,0.9999479800133604,DDoS,True
DDoS,1,ATTACK,1,0.997824695620242,DDoS,True
DDoS,1,ATTACK,1,0.9999449913715536,DDoS,True
DDoS,1,ATTACK,1,0.997824695620242,DDoS,True
DDoS,1,ATTACK,1,0.9999449913715536,DDoS,True
DDoS,1,ATTACK,1,0.9925862887620382,DDoS,True
DDoS,1,ATTACK,1,0.999944991371554,DDoS,True
DDoS,1,ATTACK,1,0.9925862887620382,DDoS,True
DDoS,1,ATTACK,1,0.9999479800133604,DDoS,True
DDoS,1,ATTACK,1,0.9925862887620382,DDoS,True
DDoS,1,ATTACK,1,0.9925862887620382,DDoS,True
DDoS,1,ATTACK,1,0.9999449913715536,DDoS,True
DDoS,1,ATTACK,1,0.9925862887620382,DDoS,True
DDoS,1,ATTACK,1,0.9999479800133604,DDoS,True
DDoS,1,ATTACK,1,0.9916340649946608,DDoS,True
DDoS,1,ATTACK,1,0.999944991371554,DDoS,True
DDoS,1,ATTACK,1,0.9963849813250528,DDoS,True
DDoS,1,ATTACK,1,0.9843763801186768,DDoS,True
DDoS,1,ATTACK,1,0.9999479800133604,DDoS,True
DDoS,1,ATTACK,1,0.9978259994651004,DDoS,True
DDoS,1,ATTACK,1,0.9999449913715536,DDoS,True
DDoS,1,ATTACK,1,0.9948583680561308,DDoS,True
DDoS,1,ATTACK,1,0.9999241136649116,DDoS,True
DDoS,1,ATTACK,1,0.9973694396645796,DDoS,True
DDoS,1,ATTACK,1,0.9999479800133604,DDoS,True
DDoS,1,ATTACK,1,0.997735454647106,DDoS,True
DDoS,1,ATTACK,1,0.9999479800133604,DDoS,True
DDoS,1,ATTACK,1,0.9885687948474096,DDoS,True
DDoS,1,ATTACK,1,0.9999479800133604,DDoS,True
DDoS,1,ATTACK,1,0.997735454647106,DDoS,True
DDoS,1,ATTACK,1,0.9999479800133604,DDoS,True
DDoS,1,ATTACK,1,0.9924916416793548,DDoS,True
DDoS,1,ATTACK,1,0.9999479800133604,DDoS,True
DDoS,1,ATTACK,1,0.997824695620242,DDoS,True
DDoS,1,ATTACK,1,0.9992633563876808,DDoS,True
DDoS,1,ATTACK,1,0.9978246956202422,DDoS,True
DDoS,1,ATTACK,1,0.999245026547436,DDoS,True
DDoS,1,ATTACK,1,0.997824695620242,DDoS,True
DDoS,1,ATTACK,1,0.999245026547436,DDoS,True
DDoS,1,ATTACK,1,0.997824695620242,DDoS,True
DDoS,1,ATTACK,1,0.999245026547436,DDoS,True
DDoS,1,ATTACK,1,0.971288997240307,DDoS,True
DDoS,1,ATTACK,1,0.999245026547436,DDoS,True
DDoS,1,ATTACK,1,0.997824695620242,DDoS,True
DDoS,1,ATTACK,1,0.999245026547436,DDoS,True
DDoS,1,ATTACK,1,0.971288997240307,DDoS,True
DDoS,1,ATTACK,1,0.9992633563876808,DDoS,True
DDoS,1,ATTACK,1,0.9712889972403072,DDoS,True
DDoS,1,ATTACK,1,0.999245026547436,DDoS,True
DDoS,1,ATTACK,1,0.9925862887620382,DDoS,True
DDoS,1,ATTACK,1,0.9992633563876808,DDoS,True
DDoS,1,ATTACK,1,0.997824695620242,DDoS,True
DDoS,1,ATTACK,1,0.999245026547436,DDoS,True
DDoS,1,ATTACK,1,0.992586288762038,DDoS,True
DDoS,1,ATTACK,1,0.997824695620242,DDoS,True
DDoS,1,ATTACK,1,0.997824695620242,DDoS,True
DDoS,1,ATTACK,1,0.99140190010381,DDoS,True
DDoS,1,ATTACK,1,0.9975486910472062,DDoS,True
DDoS,1,ATTACK,1,0.9975486910472062,DDoS,True
DDoS,1,ATTACK,1,0.9973694396645796,DDoS,True
DDoS,1,ATTACK,1,0.9948870452983828,DDoS,True
DDoS,1,ATTACK,1,0.9975486910472062,DDoS,True
DDoS,1,ATTACK,1,0.9576089255321298,DDoS,True
DDoS,1,ATTACK,1,0.9992567338711246,DDoS,True
DDoS,1,ATTACK,1,0.9964416462347157,DDoS,True
DDoS,1,ATTACK,1,0.999245026547436,DDoS,True
DDoS,1,ATTACK,1,0.9957082826967616,DDoS,True
DDoS,1,ATTACK,1,0.999245026547436,DDoS,True
DDoS,1,ATTACK,1,0.9869726522437208,DDoS,True
DDoS,1,ATTACK,1,0.999245026547436,DDoS,True
DDoS,1,ATTACK,1,0.9893853330955364,DDoS,True
DDoS,1,ATTACK,1,0.9992567338711246,DDoS,True
DDoS,1,ATTACK,1,0.9977445813994424,DDoS,True
DDoS,1,ATTACK,1,0.999245026547436,DDoS,True
DDoS,1,ATTACK,1,0.9921934577623608,DDoS,True
DDoS,1,ATTACK,1,0.9992497918371086,DDoS,True
DDoS,1,ATTACK,1,0.9975486910472062,DDoS,True
DDoS,1,ATTACK,1,0.999245026547436,DDoS,True
DDoS,1,ATTACK,1,0.9977958757259648,DDoS,True
DDoS,1,ATTACK,1,0.9990527188551284,DDoS,True
DDoS,1,ATTACK,1,0.9809825726239252,DDoS,True
DDoS,1,ATTACK,1,0.9990453874768292,DDoS,True
DDoS,1,ATTACK,1,0.9784825726239252,DDoS,True
DDoS,1,ATTACK,1,0.9990453874768292,DDoS,True
DDoS,1,ATTACK,1,0.9977958757259648,DDoS,True
DDoS,1,ATTACK,1,0.9987139048002136,DDoS,True
DDoS,1,ATTACK,1,0.997824695620242,DDoS,True
DDoS,1,ATTACK,1,0.9963508234886048,DDoS,True
DDoS,1,ATTACK,1,0.997824695620242,DDoS,True
DDoS,1,ATTACK,1,0.9963508234886046,DDoS,True
DDoS,1,ATTACK,1,0.997824695620242,DDoS,True
DDoS,1,ATTACK,1,0.9953736360841796,DDoS,True
DDoS,1,ATTACK,1,0.997824695620242,DDoS,True
DDoS,1,ATTACK,1,0.9963508234886048,DDoS,True
DDoS,1,ATTACK,1,0.9892529554287048,DDoS,True
DDoS,1,ATTACK,1,0.9963508234886046,DDoS,True
DDoS,1,ATTACK,1,0.9762889972403072,DDoS,True
DDoS,1,ATTACK,1,0.9963508234886048,DDoS,True
DDoS,1,ATTACK,1,0.976288997240307,DDoS,True
DDoS,1,ATTACK,1,0.9963508234886046,DDoS,True
DDoS,1,ATTACK,1,0.997824695620242,DDoS,True
DDoS,1,ATTACK,1,0.9970615813360524,DDoS,True
DDoS,1,ATTACK,1,0.997824695620242,DDoS,True
DDoS,1,ATTACK,1,0.9969265568837647,DDoS,True
DDoS,1,ATTACK,1,0.9892529554287048,DDoS,True
DDoS,1,ATTACK,1,0.9969265568837646,DDoS,True
DDoS,1,ATTACK,1,0.9925862887620382,DDoS,True
DDoS,1,ATTACK,1,0.9969328382908,DDoS,True
DDoS,1,ATTACK,1,0.997824695620242,DDoS,True
DDoS,1,ATTACK,1,0.9940102021042508,DDoS,True
DDoS,1,ATTACK,1,0.997824695620242,DDoS,True
DDoS,1,ATTACK,1,0.9973032128569388,DDoS,True
DDoS,1,ATTACK,1,0.9925862887620382,DDoS,True
DDoS,1,ATTACK,1,0.9955794617233676,DDoS,True
DDoS,1,ATTACK,1,0.9961948901797631,DDoS,True
DDoS,1,ATTACK,1,0.9832569848862792,DDoS,True
DDoS,1,ATTACK,1,0.9843763801186768,DDoS,True
DDoS,1,ATTACK,1,0.1696851214725215,Web_Attack,True
DDoS,1,ATTACK,1,0.9832569848862788,DDoS,True
DDoS,1,ATTACK,1,0.9948532815861412,DDoS,True
DDoS,1,ATTACK,1,0.9948532815861412,DDoS,True
DDoS,1,ATTACK,1,0.994853281586141,DDoS,True
DDoS,1,ATTACK,1,0.9948532815861412,DDoS,True
DDoS,1,ATTACK,1,0.9977958757259648,DDoS,True
DDoS,1,ATTACK,1,0.9948532815861412,DDoS,True
DDoS,1,ATTACK,1,0.997721003780054,DDoS,True
DDoS,1,ATTACK,1,0.997721003780054,DDoS,True
DDoS,1,ATTACK,1,0.9976534372990788,DDoS,True
DDoS,1,ATTACK,1,0.9973694396645796,DDoS,True
DDoS,1,ATTACK,1,0.9924916416793548,DDoS,True
DDoS,1,ATTACK,1,0.9964416462347157,DDoS,True
DDoS,1,ATTACK,1,0.9832569848862788,DDoS,True
DDoS,1,ATTACK,1,0.993688556233995,DDoS,True
DDoS,1,ATTACK,1,0.985425149281696,DDoS,True
DDoS,1,ATTACK,1,0.993688556233995,DDoS,True
DDoS,1,ATTACK,1,0.9974341566411544,DDoS,True
DDoS,1,ATTACK,1,0.903427070753663,DDoS,True
DDoS,1,ATTACK,1,0.9974341566411544,DDoS,True
DDoS,1,ATTACK,1,0.9016879403188804,DDoS,True
DDoS,1,ATTACK,1,0.985425149281696,DDoS,True
DDoS,1,ATTACK,1,0.971553282355337,DDoS,True
DDoS,1,ATTACK,1,0.9974341566411544,DDoS,True
DDoS,1,ATTACK,1,0.9911826050300538,DDoS,True
DDoS,1,ATTACK,1,0.9974341566411544,DDoS,True
DDoS,1,ATTACK,1,0.9978166050053554,DDoS,True
DDoS,1,ATTACK,1,0.9974341566411544,DDoS,True
DDoS,1,ATTACK,1,0.9614393686200172,DDoS,True
DDoS,1,ATTACK,1,0.9936841566411544,DDoS,True
DDoS,1,ATTACK,1,0.997824695620242,DDoS,True
DDoS,1,ATTACK,1,0.9854251492816958,DDoS,True
DDoS,1,ATTACK,1,0.9754556639069736,DDoS,True
DDoS,1,ATTACK,1,0.9974341566411544,DDoS,True
DDoS,1,ATTACK,1,0.9754556639069736,DDoS,True
DDoS,1,ATTACK,1,0.9854230628767108,DDoS,True
DDoS,1,ATTACK,1,0.9975862887620384,DDoS,True
DDoS,1,ATTACK,1,0.9974341566411544,DDoS,True
DDoS,1,ATTACK,1,0.9754556639069736,DDoS,True
DDoS,1,ATTACK,1,0.997824695620242,DDoS,True
DDoS,1,ATTACK,1,0.9854230628767108,DDoS,True
DDoS,1,ATTACK,1,0.9925862887620382,DDoS,True
DDoS,1,ATTACK,1,0.9854230628767108,DDoS,True
DDoS,1,ATTACK,1,0.9976735836080982,DDoS,True
DDoS,1,ATTACK,1,0.9854230628767108,DDoS,True
DDoS,1,ATTACK,1,0.9948583680561308,DDoS,True
DDoS,1,ATTACK,1,0.9974320702361692,DDoS,True
DDoS,1,ATTACK,1,0.9676060352866837,DDoS,True
DDoS,1,ATTACK,1,0.9854230628767108,DDoS,True
DDoS,1,ATTACK,1,0.9975862887620384,DDoS,True
DDoS,1,ATTACK,1,0.9854230628767108,DDoS,True
DDoS,1,ATTACK,1,0.9978267888382156,DDoS,True
DDoS,1,ATTACK,1,0.9974320702361692,DDoS,True
DDoS,1,ATTACK,1,0.9774556639069736,DDoS,True
DDoS,1,ATTACK,1,0.9974320702361692,DDoS,True
DDoS,1,ATTACK,1,0.9975862887620384,DDoS,True
DDoS,1,ATTACK,1,0.9974320702361692,DDoS,True
DDoS,1,ATTACK,1,0.9774556639069738,DDoS,True
DDoS,1,ATTACK,1,0.9974320702361694,DDoS,True
DDoS,1,ATTACK,1,0.9975862887620384,DDoS,True
DDoS,1,ATTACK,1,0.9974320702361694,DDoS,True
DDoS,1,ATTACK,1,0.9975862887620384,DDoS,True
DDoS,1,ATTACK,1,0.9854230628767108,DDoS,True
DDoS,1,ATTACK,1,0.9975862887620384,DDoS,True
DDoS,1,ATTACK,1,0.9974320702361692,DDoS,True
DDoS,1,ATTACK,1,0.9774556639069738,DDoS,True
DDoS,1,ATTACK,1,0.985423062876711,DDoS,True
DDoS,1,ATTACK,1,0.9774556639069736,DDoS,True
DDoS,1,ATTACK,1,0.9974320702361692,DDoS,True
DDoS,1,ATTACK,1,0.9975862887620384,DDoS,True
DDoS,1,ATTACK,1,0.9774556639069736,DDoS,True
DDoS,1,ATTACK,1,0.9978267888382156,DDoS,True
DDoS,1,ATTACK,1,0.9774556639069736,DDoS,True
DDoS,1,ATTACK,1,0.9975762093679248,DDoS,True
DDoS,1,ATTACK,1,0.9978259994651004,DDoS,True
DDoS,1,ATTACK,1,0.8226798120675448,DDoS,True
DDoS,1,ATTACK,1,0.9854230628767108,DDoS,True
DDoS,1,ATTACK,1,0.9192123245672332,DDoS,True
DDoS,1,ATTACK,1,0.9974320702361694,DDoS,True
DDoS,1,ATTACK,1,0.8684239774420631,DDoS,True
DDoS,1,ATTACK,1,0.9854230628767106,DDoS,True
DDoS,1,ATTACK,1,0.987576416292351,DDoS,True
DDoS,1,ATTACK,1,0.9854230628767108,DDoS,True
DDoS,1,ATTACK,1,0.8969471458275905,DDoS,True
DDoS,1,ATTACK,1,0.9854230628767108,DDoS,True
DDoS,1,ATTACK,1,0.992576416292351,DDoS,True
DDoS,1,ATTACK,1,0.9974320702361694,DDoS,True
DDoS,1,ATTACK,1,0.909992608372972,DDoS,True
DDoS,1,ATTACK,1,0.9974320702361694,DDoS,True
DDoS,1,ATTACK,1,0.961674324236257,DDoS,True
DDoS,1,ATTACK,1,0.9854230628767108,DDoS,True
PortScan,1,ATTACK,1,0.4233763561011525,Web_Attack,True
PortScan,1,ATTACK,1,0.8521392524521153,Web_Attack,True
PortScan,1,ATTACK,1,0.3309452991993823,Web_Attack,True
PortScan,1,ATTACK,1,0.8249617797073242,Web_Attack,True
PortScan,1,ATTACK,1,0.2969319473359892,Web_Attack,True
PortScan,1,ATTACK,1,0.39473399851521,Web_Attack,True
PortScan,1,ATTACK,1,0.8304957367723896,Web_Attack,True
PortScan,1,ATTACK,1,0.4377725431815683,Web_Attack,True
PortScan,1,ATTACK,1,0.9879774972457336,PortScan,True
PortScan,1,ATTACK,1,0.989560704556607,PortScan,True
PortScan,1,ATTACK,1,0.9957964918777462,PortScan,True
PortScan,1,ATTACK,1,0.9874632370425116,PortScan,True
PortScan,1,ATTACK,1,0.9955071316575804,PortScan,True
PortScan,1,ATTACK,1,0.995505224257948,PortScan,True
PortScan,1,ATTACK,1,0.9867167779348868,PortScan,True
PortScan,1,ATTACK,1,0.9955071316575804,PortScan,True
PortScan,1,ATTACK,1,0.9910920085981522,PortScan,True
PortScan,1,ATTACK,1,0.9657087278362174,PortScan,True
PortScan,1,ATTACK,1,0.9996131138372902,PortScan,True
PortScan,1,ATTACK,1,0.9957964918777462,PortScan,True
PortScan,1,ATTACK,1,0.9874632370425116,PortScan,True
PortScan,1,ATTACK,1,0.9957964918777464,PortScan,True
PortScan,1,ATTACK,1,0.9874632370425116,PortScan,True
PortScan,1,ATTACK,1,0.9879774972457336,PortScan,True
PortScan,1,ATTACK,1,0.9970919209839616,PortScan,True
PortScan,1,ATTACK,1,0.9869341692392344,PortScan,True
PortScan,1,ATTACK,1,0.9906700906011888,PortScan,True
PortScan,1,ATTACK,1,0.9957964918777464,PortScan,True
PortScan,1,ATTACK,1,0.9874632370425116,PortScan,True
PortScan,1,ATTACK,1,0.9879774972457336,PortScan,True
PortScan,1,ATTACK,1,0.9869341692392344,PortScan,True
PortScan,1,ATTACK,1,0.9869341692392344,PortScan,True
PortScan,1,ATTACK,1,0.9866887006260384,PortScan,True
PortScan,1,ATTACK,1,0.9840920085981522,PortScan,True
PortScan,1,ATTACK,1,0.9870465703758448,PortScan,True
PortScan,1,ATTACK,1,0.9957964918777462,PortScan,True
PortScan,1,ATTACK,1,0.9955071316575804,PortScan,True
PortScan,1,ATTACK,1,0.9867471770870015,PortScan,True
PortScan,1,ATTACK,1,0.9874632370425116,PortScan,True
PortScan,1,ATTACK,1,0.9957115621460834,PortScan,True
PortScan,1,ATTACK,1,0.9957964918777464,PortScan,True
PortScan,1,ATTACK,1,0.9879774972457336,PortScan,True
PortScan,1,ATTACK,1,0.986206058640494,PortScan,True
PortScan,1,ATTACK,1,0.9957964918777462,PortScan,True
PortScan,1,ATTACK,1,0.9870465703758448,PortScan,True
PortScan,1,ATTACK,1,0.9879774972457336,PortScan,True
PortScan,1,ATTACK,1,0.9866372869771116,PortScan,True
PortScan,1,ATTACK,1,0.9861110113146108,PortScan,True
PortScan,1,ATTACK,1,0.9879774972457336,PortScan,True
PortScan,1,ATTACK,1,0.9874632370425116,PortScan,True
PortScan,1,ATTACK,1,0.9957964918777464,PortScan,True
PortScan,1,ATTACK,1,0.9867167779348864,PortScan,True
PortScan,1,ATTACK,1,0.9866372869771114,PortScan,True
PortScan,1,ATTACK,1,0.9735141598032716,PortScan,True
PortScan,1,ATTACK,1,0.9879774972457336,PortScan,True
PortScan,1,ATTACK,1,0.9874632370425116,PortScan,True
PortScan,1,ATTACK,1,0.9869341692392344,PortScan,True
PortScan,1,ATTACK,1,0.9866887006260384,PortScan,True
PortScan,1,ATTACK,1,0.9849632370425117,PortScan,True
PortScan,1,ATTACK,1,0.9955146095637668,PortScan,True
PortScan,1,ATTACK,1,0.9894253419314856,PortScan,True
PortScan,1,ATTACK,1,0.9957964918777464,PortScan,True
PortScan,1,ATTACK,1,0.9657087278362172,PortScan,True
PortScan,1,ATTACK,1,0.9879774972457336,PortScan,True
PortScan,1,ATTACK,1,0.9996131138372902,PortScan,True
PortScan,1,ATTACK,1,0.9874632370425116,PortScan,True
PortScan,1,ATTACK,1,0.9957964918777464,PortScan,True
PortScan,1,ATTACK,1,0.9955071316575804,PortScan,True
PortScan,1,ATTACK,1,0.9672132370425116,PortScan,True
PortScan,1,ATTACK,1,0.9879774972457336,PortScan,True
PortScan,1,ATTACK,1,0.9957964918777462,PortScan,True
PortScan,1,ATTACK,1,0.9974978476285532,PortScan,True
PortScan,1,ATTACK,1,0.986629513644011,PortScan,True
PortScan,1,ATTACK,1,0.9879774972457336,PortScan,True
PortScan,1,ATTACK,1,0.992854242041913,PortScan,True
PortScan,1,ATTACK,1,0.9874632370425114,PortScan,True
PortScan,1,ATTACK,1,0.9957964918777462,PortScan,True
PortScan,1,ATTACK,1,0.9954762530025734,PortScan,True
PortScan,1,ATTACK,1,0.975796570375845,PortScan,True
PortScan,1,ATTACK,1,0.9957964918777464,PortScan,True
PortScan,1,ATTACK,1,0.9879774972457336,PortScan,True
PortScan,1,ATTACK,1,0.9955071316575804,PortScan,True
PortScan,1,ATTACK,1,0.986629513644011,PortScan,True
PortScan,1,ATTACK,1,0.9879774972457336,PortScan,True
PortScan,1,ATTACK,1,0.999441523143819,PortScan,True
PortScan,1,ATTACK,1,0.9874632370425116,PortScan,True
PortScan,1,ATTACK,1,0.9957964918777464,PortScan,True
PortScan,1,ATTACK,1,0.9869744149117524,PortScan,True
PortScan,1,ATTACK,1,0.9869341692392344,PortScan,True
PortScan,1,ATTACK,1,0.9866372869771116,PortScan,True
PortScan,1,ATTACK,1,0.9957964918777464,PortScan,True
PortScan,1,ATTACK,1,0.9874632370425116,PortScan,True
PortScan,1,ATTACK,1,0.9879774972457336,PortScan,True
PortScan,1,ATTACK,1,0.9954762530025736,PortScan,True
PortScan,1,ATTACK,1,0.9869341692392344,PortScan,True
PortScan,1,ATTACK,1,0.9879774972457336,PortScan,True
PortScan,1,ATTACK,1,0.9688799037091782,PortScan,True
PortScan,1,ATTACK,1,0.9957964918777464,PortScan,True
PortScan,1,ATTACK,1,0.992521487713136,PortScan,True
PortScan,1,ATTACK,1,0.9866372869771114,PortScan,True
PortScan,1,ATTACK,1,0.9879774972457336,PortScan,True
PortScan,1,ATTACK,1,0.9874632370425116,PortScan,True
PortScan,1,ATTACK,1,0.9907964918777462,PortScan,True
PortScan,1,ATTACK,1,0.9861566745751976,PortScan,True
PortScan,1,ATTACK,1,0.9657087278362172,PortScan,True
PortScan,1,ATTACK,1,0.989560704556607,PortScan,True
PortScan,1,ATTACK,1,0.9957964918777462,PortScan,True
PortScan,1,ATTACK,1,0.9874632370425116,PortScan,True
PortScan,1,ATTACK,1,0.9874253419314856,PortScan,True
PortScan,1,ATTACK,1,0.9657087278362172,PortScan,True
PortScan,1,ATTACK,1,0.9955071316575804,PortScan,True
PortScan,1,ATTACK,1,0.9920874956673088,PortScan,True
PortScan,1,ATTACK,1,0.9861188108224432,PortScan,True
PortScan,1,ATTACK,1,0.9901314645400652,PortScan,True
PortScan,1,ATTACK,1,0.9955052242579484,PortScan,True
PortScan,1,ATTACK,1,0.9967247250607,PortScan,True
PortScan,1,ATTACK,1,0.986446447282455,PortScan,True
PortScan,1,ATTACK,1,0.9823515726913972,PortScan,True
PortScan,1,ATTACK,1,0.9861188108224432,PortScan,True
PortScan,1,ATTACK,1,0.9967247250607,PortScan,True
PortScan,1,ATTACK,1,0.9901314645400652,PortScan,True
PortScan,1,ATTACK,1,0.9866887006260384,PortScan,True
PortScan,1,ATTACK,1,0.9886462579059364,PortScan,True
PortScan,1,ATTACK,1,0.9866887006260384,PortScan,True
PortScan,1,ATTACK,1,0.9861188108224432,PortScan,True
PortScan,1,ATTACK,1,0.9867471770870014,PortScan,True
PortScan,1,ATTACK,1,0.9901314645400652,PortScan,True
PortScan,1,ATTACK,1,0.9967247250607,PortScan,True
PortScan,1,ATTACK,1,0.9955071316575806,PortScan,True
PortScan,1,ATTACK,1,0.9901314645400652,PortScan,True
PortScan,1,ATTACK,1,0.9886462579059364,PortScan,True
PortScan,1,ATTACK,1,0.9858084147721136,PortScan,True
PortScan,1,ATTACK,1,0.9967247250607,PortScan,True
PortScan,1,ATTACK,1,0.9866372869771114,PortScan,True
PortScan,1,ATTACK,1,0.9886462579059364,PortScan,True
PortScan,1,ATTACK,1,0.9901314645400652,PortScan,True
PortScan,1,ATTACK,1,0.9967247250607,PortScan,True
PortScan,1,ATTACK,1,0.9861188108224432,PortScan,True
PortScan,1,ATTACK,1,0.9955071316575804,PortScan,True
PortScan,1,ATTACK,1,0.9866372869771112,PortScan,True
PortScan,1,ATTACK,1,0.9967247250607,PortScan,True
PortScan,1,ATTACK,1,0.9991754709714284,PortScan,True
PortScan,1,ATTACK,1,0.9901314645400652,PortScan,True
PortScan,1,ATTACK,1,0.9861188108224432,PortScan,True
PortScan,1,ATTACK,1,0.9869341692392344,PortScan,True
PortScan,1,ATTACK,1,0.9967247250607,PortScan,True
PortScan,1,ATTACK,1,0.9876314645400652,PortScan,True
PortScan,1,ATTACK,1,0.9858084147721136,PortScan,True
PortScan,1,ATTACK,1,0.9967247250607,PortScan,True
PortScan,1,ATTACK,1,0.9996131138372903,PortScan,True
PortScan,1,ATTACK,1,0.9901314645400652,PortScan,True
PortScan,1,ATTACK,1,0.9954997914437504,PortScan,True
PortScan,1,ATTACK,1,0.9901314645400652,PortScan,True
PortScan,1,ATTACK,1,0.9901314645400652,PortScan,True
PortScan,1,ATTACK,1,0.9861566745751976,PortScan,True
PortScan,1,ATTACK,1,0.9866887006260382,PortScan,True
PortScan,1,ATTACK,1,0.9861188108224432,PortScan,True
PortScan,1,ATTACK,1,0.9917247250607,PortScan,True
PortScan,1,ATTACK,1,0.9886462579059364,PortScan,True
PortScan,1,ATTACK,1,0.9861110113146108,PortScan,True
PortScan,1,ATTACK,1,0.9901314645400652,PortScan,True
PortScan,1,ATTACK,1,0.9994030338816582,PortScan,True
PortScan,1,ATTACK,1,0.9861188108224432,PortScan,True
PortScan,1,ATTACK,1,0.9967247250607,PortScan,True
PortScan,1,ATTACK,1,0.99614695068231,PortScan,True
PortScan,1,ATTACK,1,0.9901314645400652,PortScan,True
PortScan,1,ATTACK,1,0.9861188108224432,PortScan,True
PortScan,1,ATTACK,1,0.9869744149117524,PortScan,True
PortScan,1,ATTACK,1,0.9967247250607,PortScan,True
PortScan,1,ATTACK,1,0.9858084147721136,PortScan,True
PortScan,1,ATTACK,1,0.9866887006260384,PortScan,True
PortScan,1,ATTACK,1,0.9842679909631536,PortScan,True
PortScan,1,ATTACK,1,0.9858084147721136,PortScan,True
PortScan,1,ATTACK,1,0.9901314645400652,PortScan,True
PortScan,1,ATTACK,1,0.9985520745177996,PortScan,True
PortScan,1,ATTACK,1,0.9967247250607,PortScan,True
PortScan,1,ATTACK,1,0.9657087278362172,PortScan,True
PortScan,1,ATTACK,1,0.9876314645400652,PortScan,True
PortScan,1,ATTACK,1,0.9867471770870015,PortScan,True
PortScan,1,ATTACK,1,0.9967247250607,PortScan,True
PortScan,1,ATTACK,1,0.9861188108224432,PortScan,True
PortScan,1,ATTACK,1,0.9886462579059366,PortScan,True
PortScan,1,ATTACK,1,0.9866372869771116,PortScan,True
PortScan,1,ATTACK,1,0.9954997914437504,PortScan,True
PortScan,1,ATTACK,1,0.9886462579059364,PortScan,True
PortScan,1,ATTACK,1,0.9901314645400652,PortScan,True
PortScan,1,ATTACK,1,0.9967247250607,PortScan,True
PortScan,1,ATTACK,1,0.986617452534389,PortScan,True
PortScan,1,ATTACK,1,0.9861188108224432,PortScan,True
PortScan,1,ATTACK,1,0.9901314645400652,PortScan,True
PortScan,1,ATTACK,1,0.9908991810754982,PortScan,True
PortScan,1,ATTACK,1,0.9976218988072816,PortScan,True
PortScan,1,ATTACK,1,0.9901314645400652,PortScan,True
PortScan,1,ATTACK,1,0.9967247250607,PortScan,True
PortScan,1,ATTACK,1,0.9867471770870015,PortScan,True
PortScan,1,ATTACK,1,0.9861188108224432,PortScan,True
PortScan,1,ATTACK,1,0.9920874956673086,PortScan,True
PortScan,1,ATTACK,1,0.9867167779348864,PortScan,True
PortScan,1,ATTACK,1,0.9955071316575804,PortScan,True
PortScan,1,ATTACK,1,0.9886462579059364,PortScan,True
PortScan,1,ATTACK,1,0.9942247250607,PortScan,True
PortScan,1,ATTACK,1,0.9901314645400652,PortScan,True
PortScan,1,ATTACK,1,0.9858084147721136,PortScan,True
PortScan,1,ATTACK,1,0.9989254145052348,PortScan,True
PortScan,1,ATTACK,1,0.9990547895313746,PortScan,True
PortScan,1,ATTACK,1,0.9565653137014768,PortScan,True
PortScan,1,ATTACK,1,0.9858084147721138,PortScan,True
PortScan,1,ATTACK,1,0.9901314645400652,PortScan,True
PortScan,1,ATTACK,1,0.9866174525343888,PortScan,True
PortScan,1,ATTACK,1,0.9967247250607,PortScan,True
PortScan,1,ATTACK,1,0.9901314645400652,PortScan,True
PortScan,1,ATTACK,1,0.9866372869771116,PortScan,True
PortScan,1,ATTACK,1,0.9967247250607,PortScan,True
PortScan,1,ATTACK,1,0.9861188108224432,PortScan,True
PortScan,1,ATTACK,1,0.9901314645400652,PortScan,True
PortScan,1,ATTACK,1,0.9993524824988564,PortScan,True
PortScan,1,ATTACK,1,0.9967247250607,PortScan,True
PortScan,1,ATTACK,1,0.9866372869771116,PortScan,True
PortScan,1,ATTACK,1,0.9901314645400652,PortScan,True
PortScan,1,ATTACK,1,0.9861188108224432,PortScan,True
PortScan,1,ATTACK,1,0.9967247250607,PortScan,True
PortScan,1,ATTACK,1,0.9970919209839616,PortScan,True
PortScan,1,ATTACK,1,0.9954997914437504,PortScan,True
PortScan,1,ATTACK,1,0.9794521441557764,PortScan,True
PortScan,1,ATTACK,1,0.9901314645400652,PortScan,True
PortScan,1,ATTACK,1,0.9858084147721136,PortScan,True
PortScan,1,ATTACK,1,0.9991754709714286,PortScan,True
PortScan,1,ATTACK,1,0.9967247250607,PortScan,True
PortScan,1,ATTACK,1,0.9869744149117524,PortScan,True
PortScan,1,ATTACK,1,0.9901314645400652,PortScan,True
PortScan,1,ATTACK,1,0.9858084147721138,PortScan,True
PortScan,1,ATTACK,1,0.9942247250607,PortScan,True
PortScan,1,ATTACK,1,0.9995777258771736,PortScan,True
PortScan,1,ATTACK,1,0.9866887006260384,PortScan,True
PortScan,1,ATTACK,1,0.992521487713136,PortScan,True
PortScan,1,ATTACK,1,0.9879774972457336,PortScan,True
PortScan,1,ATTACK,1,0.9874632370425116,PortScan,True
PortScan,1,ATTACK,1,0.9957964918777464,PortScan,True
PortScan,1,ATTACK,1,0.9867471770870015,PortScan,True
PortScan,1,ATTACK,1,0.9866372869771114,PortScan,True
PortScan,1,ATTACK,1,0.9953699633699634,PortScan,True
PortScan,1,ATTACK,1,0.9504361393200262,PortScan,True
PortScan,1,ATTACK,1,0.5790676716433916,PortScan,True
PortScan,1,ATTACK,1,0.9886462579059364,PortScan,True
PortScan,1,ATTACK,1,0.9511311889782778,PortScan,True
PortScan,1,ATTACK,1,0.9973862500287116,DDoS,True
PortScan,1,ATTACK,1,0.9950301720902854,DoS Hulk,True
PortScan,1,ATTACK,1,0.964082398074622,PortScan,True
PortScan,1,ATTACK,1,0.9920874956673088,PortScan,True
PortScan,1,ATTACK,1,0.9879774972457336,PortScan,True
PortScan,1,ATTACK,1,0.9957964918777462,PortScan,True
PortScan,1,ATTACK,1,0.9874632370425116,PortScan,True
PortScan,1,ATTACK,1,0.9860293416231408,PortScan,True
PortScan,1,ATTACK,1,0.9886462579059364,PortScan,True
PortScan,1,ATTACK,1,0.9867471770870015,PortScan,True
PortScan,1,ATTACK,1,0.9987032967032968,PortScan,True
PortScan,1,ATTACK,1,0.9965492345581216,PortScan,True
PortScan,1,ATTACK,1,0.5790676716433915,PortScan,True
PortScan,1,ATTACK,1,0.9307248429088884,DDoS,True
PortScan,1,ATTACK,1,0.9973861694805602,PortScan,True
PortScan,1,ATTACK,1,0.9946918250114004,PortScan,True
PortScan,1,ATTACK,1,0.9617490647412889,PortScan,True
PortScan,1,ATTACK,1,0.9869275291329926,PortScan,True
PortScan,1,ATTACK,1,0.9879774972457336,PortScan,True
PortScan,1,ATTACK,1,0.9970265141659508,PortScan,True
PortScan,1,ATTACK,1,0.9870465703758448,PortScan,True
PortScan,1,ATTACK,1,0.9957964918777464,PortScan,True
PortScan,1,ATTACK,1,0.9866887006260384,PortScan,True
PortScan,1,ATTACK,1,0.9965492345581216,PortScan,True
PortScan,1,ATTACK,1,0.9933699633699636,PortScan,True
PortScan,1,ATTACK,1,0.567401004976725,PortScan,True
PortScan,1,ATTACK,1,0.9869744149117526,PortScan,True
PortScan,1,ATTACK,1,0.7561649322137933,PortScan,True
PortScan,1,ATTACK,1,0.998071870260464,DoS Hulk,True
PortScan,1,ATTACK,1,0.9950301720902854,DoS Hulk,True
PortScan,1,ATTACK,1,0.971582398074622,PortScan,True
PortScan,1,ATTACK,1,0.9957964918777464,PortScan,True
PortScan,1,ATTACK,1,0.9879774972457336,PortScan,True
PortScan,1,ATTACK,1,0.9866887006260384,PortScan,True
PortScan,1,ATTACK,1,0.9874632370425116,PortScan,True
PortScan,1,ATTACK,1,0.9866372869771116,PortScan,True
PortScan,1,ATTACK,1,0.9952992345581216,PortScan,True
PortScan,1,ATTACK,1,0.9987032967032968,PortScan,True
PortScan,1,ATTACK,1,0.5790676716433916,PortScan,True
PortScan,1,ATTACK,1,0.835966506143743,PortScan,True
PortScan,1,ATTACK,1,0.9950301720902855,DoS Hulk,True
PortScan,1,ATTACK,1,0.971082398074622,PortScan,True
PortScan,1,ATTACK,1,0.9973861694805602,DDoS,True
PortScan,1,ATTACK,1,0.9957964918777462,PortScan,True
PortScan,1,ATTACK,1,0.9879774972457336,PortScan,True
PortScan,1,ATTACK,1,0.985796570375845,PortScan,True
PortScan,1,ATTACK,1,0.9866372869771116,PortScan,True
PortScan,1,ATTACK,1,0.9865075624244988,PortScan,True
PortScan,1,ATTACK,1,0.8973528059866929,PortScan,True
PortScan,1,ATTACK,1,0.9987032967032968,PortScan,True
PortScan,1,ATTACK,1,0.5690676716433916,PortScan,True
PortScan,1,ATTACK,1,0.9975486910472062,DoS Hulk,True
PortScan,1,ATTACK,1,0.9960718702604638,DDoS,True
PortScan,1,ATTACK,1,0.9946830118023664,DoS Hulk,True
PortScan,1,ATTACK,1,0.9769157314079554,PortScan,True
PortScan,1,ATTACK,1,0.9957964918777462,PortScan,True
PortScan,1,ATTACK,1,0.9981168375554624,PortScan,True
PortScan,1,ATTACK,1,0.9688799037091782,PortScan,True
PortScan,1,ATTACK,1,0.9710086752648188,PortScan,True
PortScan,1,ATTACK,1,0.9866372869771116,PortScan,True
PortScan,1,ATTACK,1,0.9907159012247884,PortScan,True
PortScan,1,ATTACK,1,0.9987032967032968,PortScan,True
PortScan,1,ATTACK,1,0.5790676716433916,PortScan,True
PortScan,1,ATTACK,1,0.9223915095755548,PortScan,True
PortScan,1,ATTACK,1,0.9973861694805602,PortScan,True
PortScan,1,ATTACK,1,0.9946784126155228,PortScan,True
PortScan,1,ATTACK,1,0.9769157314079552,PortScan,True
PortScan,1,ATTACK,1,0.9957964918777462,PortScan,True
PortScan,1,ATTACK,1,0.9879774972457336,PortScan,True
PortScan,1,ATTACK,1,0.995283104634564,PortScan,True
PortScan,1,ATTACK,1,0.9954762530025736,PortScan,True
PortScan,1,ATTACK,1,0.9874632370425116,PortScan,True
PortScan,1,ATTACK,1,0.989560704556607,PortScan,True
PortScan,1,ATTACK,1,0.9962032967032968,PortScan,True
PortScan,1,ATTACK,1,0.2486320947819219,Bot,True
PortScan,1,ATTACK,1,0.5790676716433916,PortScan,True
PortScan,1,ATTACK,1,0.9869341692392344,PortScan,True
PortScan,1,ATTACK,1,0.998071870260464,DoS Hulk,True
PortScan,1,ATTACK,1,0.9975486910472062,DoS Hulk,True
PortScan,1,ATTACK,1,0.9879774972457336,PortScan,True
PortScan,1,ATTACK,1,0.9946830118023664,DoS Hulk,True
PortScan,1,ATTACK,1,0.973582398074622,PortScan,True
PortScan,1,ATTACK,1,0.9874632370425116,PortScan,True
PortScan,1,ATTACK,1,0.9957964918777464,PortScan,True
PortScan,1,ATTACK,1,0.99386674656132,PortScan,True
PortScan,1,ATTACK,1,0.9955071316575804,PortScan,True
PortScan,1,ATTACK,1,0.937465901224788,PortScan,True
PortScan,1,ATTACK,1,0.6736116410509189,PortScan,True
PortScan,1,ATTACK,1,0.5790676716433915,PortScan,True
PortScan,1,ATTACK,1,0.9236528378416844,PortScan,True
PortScan,1,ATTACK,1,0.9973861694805602,PortScan,True
PortScan,1,ATTACK,1,0.9946784126155228,DoS Hulk,True
PortScan,1,ATTACK,1,0.976582398074622,PortScan,True
PortScan,1,ATTACK,1,0.9957964918777464,PortScan,True
PortScan,1,ATTACK,1,0.9874632370425116,PortScan,True
PortScan,1,ATTACK,1,0.9879774972457336,PortScan,True
PortScan,1,ATTACK,1,0.999403033881658,PortScan,True
PortScan,1,ATTACK,1,0.9869744149117526,PortScan,True
PortScan,1,ATTACK,1,0.9987032967032968,PortScan,True
PortScan,1,ATTACK,1,0.395839820931275,PortScan,True
PortScan,1,ATTACK,1,0.5674010049767249,PortScan,True
PortScan,1,ATTACK,1,0.914253483350572,PortScan,True
PortScan,1,ATTACK,1,0.9950301720902854,DoS Hulk,True
PortScan,1,ATTACK,1,0.9908861694805604,PortScan,True
PortScan,1,ATTACK,1,0.978582398074622,PortScan,True
PortScan,1,ATTACK,1,0.9874632370425116,PortScan,True
PortScan,1,ATTACK,1,0.9957964918777464,PortScan,True
PortScan,1,ATTACK,1,0.9894253419314856,PortScan,True
PortScan,1,ATTACK,1,0.9957115621460834,PortScan,True
PortScan,1,ATTACK,1,0.989560704556607,PortScan,True
PortScan,1,ATTACK,1,0.9935492345581216,PortScan,True
PortScan,1,ATTACK,1,0.9987032967032968,PortScan,True
PortScan,1,ATTACK,1,0.5790676716433915,PortScan,True
PortScan,1,ATTACK,1,0.8751727863616332,DDoS,True
PortScan,1,ATTACK,1,0.998071870260464,DDoS,True
PortScan,1,ATTACK,1,0.9950301720902854,DoS Hulk,True
PortScan,1,ATTACK,1,0.9498323980746224,PortScan,True
PortScan,1,ATTACK,1,0.9867471770870018,PortScan,True
PortScan,1,ATTACK,1,0.9874632370425116,PortScan,True
PortScan,1,ATTACK,1,0.9879774972457336,PortScan,True
PortScan,1,ATTACK,1,0.9957964918777464,PortScan,True
PortScan,1,ATTACK,1,0.9866372869771116,PortScan,True
PortScan,1,ATTACK,1,0.9867471770870015,PortScan,True
PortScan,1,ATTACK,1,0.9965492345581216,PortScan,True
PortScan,1,ATTACK,1,0.9987032967032968,PortScan,True
PortScan,1,ATTACK,1,0.3587461083499425,Web_Attack,True
PortScan,1,ATTACK,1,0.9886462579059364,PortScan,True
PortScan,1,ATTACK,1,0.6211236756749983,DoS slowloris,True
PortScan,1,ATTACK,1,0.957899181075498,PortScan,True
PortScan,1,ATTACK,1,0.2913631326979621,Web_Attack,True
PortScan,1,ATTACK,1,0.2897247510377345,Web_Attack,True
PortScan,1,ATTACK,1,0.8243909415542496,Web_Attack,True
PortScan,1,ATTACK,1,0.9985520745177996,PortScan,True
PortScan,1,ATTACK,1,0.99961311383729,PortScan,True
PortScan,1,ATTACK,1,0.9993524824988564,PortScan,True
PortScan,1,ATTACK,1,0.9954762530025736,PortScan,True
PortScan,1,ATTACK,1,0.9989254145052346,PortScan,True
PortScan,1,ATTACK,1,0.9990898894903456,PortScan,True
PortScan,1,ATTACK,1,0.9879774972457336,PortScan,True
PortScan,1,ATTACK,1,0.9968581973556672,PortScan,True
PortScan,1,ATTACK,1,0.999441523143819,PortScan,True
PortScan,1,ATTACK,1,0.9990898894903458,PortScan,True
PortScan,1,ATTACK,1,0.9990898894903456,PortScan,True
PortScan,1,ATTACK,1,0.9976956237028114,PortScan,True
PortScan,1,ATTACK,1,0.9912007140821474,PortScan,True
PortScan,1,ATTACK,1,0.9995777258771736,PortScan,True
PortScan,1,ATTACK,1,0.9994415231438188,PortScan,True
PortScan,1,ATTACK,1,0.9970883294642628,PortScan,True
PortScan,1,ATTACK,1,0.9995808004231332,PortScan,True
PortScan,1,ATTACK,1,0.998322091125125,PortScan,True
PortScan,1,ATTACK,1,0.9909077455218072,PortScan,True
PortScan,1,ATTACK,1,0.9955071316575804,PortScan,True
PortScan,1,ATTACK,1,0.9964613623750398,PortScan,True
PortScan,1,ATTACK,1,0.9920874956673084,PortScan,True
PortScan,1,ATTACK,1,0.9992365436954422,PortScan,True
PortScan,1,ATTACK,1,0.9983220911251248,PortScan,True
PortScan,1,ATTACK,1,0.9985520745177996,PortScan,True
PortScan,1,ATTACK,1,0.99961311383729,PortScan,True
PortScan,1,ATTACK,1,0.998612289410888,PortScan,True
PortScan,1,ATTACK,1,0.9964613623750398,PortScan,True
PortScan,1,ATTACK,1,0.9995808004231332,PortScan,True
PortScan,1,ATTACK,1,0.9972147623649414,PortScan,True
PortScan,1,ATTACK,1,0.9995808004231336,PortScan,True
PortScan,1,ATTACK,1,0.9983660764754154,PortScan,True
PortScan,1,ATTACK,1,0.995791449861914,PortScan,True
PortScan,1,ATTACK,1,0.9995777258771734,PortScan,True
PortScan,1,ATTACK,1,0.998612289410888,PortScan,True
PortScan,1,ATTACK,1,0.9994415231438188,PortScan,True
PortScan,1,ATTACK,1,0.9912007140821472,PortScan,True
PortScan,1,ATTACK,1,0.9995777258771734,PortScan,True
PortScan,1,ATTACK,1,0.9985520745177996,PortScan,True
PortScan,1,ATTACK,1,0.9986732793951378,PortScan,True
PortScan,1,ATTACK,1,0.9993524824988564,PortScan,True
PortScan,1,ATTACK,1,0.9968581973556672,PortScan,True
PortScan,1,ATTACK,1,0.9990533333015418,PortScan,True
PortScan,1,ATTACK,1,0.9912007140821474,PortScan,True
PortScan,1,ATTACK,1,0.9912007140821476,PortScan,True
PortScan,1,ATTACK,1,0.9983660764754156,PortScan,True
PortScan,1,ATTACK,1,0.999441523143819,PortScan,True
PortScan,1,ATTACK,1,0.9968581973556672,PortScan,True
PortScan,1,ATTACK,1,0.9985520745177996,PortScan,True
PortScan,1,ATTACK,1,0.9974687826391484,PortScan,True
PortScan,1,ATTACK,1,0.999089889490346,PortScan,True
PortScan,1,ATTACK,1,0.9887310073279914,PortScan,True
PortScan,1,ATTACK,1,0.999441523143819,PortScan,True
PortScan,1,ATTACK,1,0.9993524824988564,PortScan,True
PortScan,1,ATTACK,1,0.9981168375554628,PortScan,True
PortScan,1,ATTACK,1,0.9990898894903456,PortScan,True
PortScan,1,ATTACK,1,0.9990547895313748,PortScan,True
PortScan,1,ATTACK,1,0.9976218988072816,PortScan,True
PortScan,1,ATTACK,1,0.9937832791592122,PortScan,True
PortScan,1,ATTACK,1,0.9982440525246424,PortScan,True
PortScan,1,ATTACK,1,0.998347314402981,PortScan,True
PortScan,1,ATTACK,1,0.9909077455218076,PortScan,True
PortScan,1,ATTACK,1,0.9910859000666544,PortScan,True
PortScan,1,ATTACK,1,0.9996131138372902,PortScan,True
PortScan,1,ATTACK,1,0.9985520745177996,PortScan,True
PortScan,1,ATTACK,1,0.9983660764754156,PortScan,True
PortScan,1,ATTACK,1,0.9906789968970142,PortScan,True
PortScan,1,ATTACK,1,0.99909866856611,PortScan,True
PortScan,1,ATTACK,1,0.9985520745177996,PortScan,True
PortScan,1,ATTACK,1,0.9971386522222728,PortScan,True
PortScan,1,ATTACK,1,0.9983660764754154,PortScan,True
PortScan,1,ATTACK,1,0.9985520745178,PortScan,True
PortScan,1,ATTACK,1,0.9886462579059364,PortScan,True
PortScan,1,ATTACK,1,0.9994415231438192,PortScan,True
PortScan,1,ATTACK,1,0.9990547895313746,PortScan,True
PortScan,1,ATTACK,1,0.9988736453035564,PortScan,True
PortScan,1,ATTACK,1,0.9993524824988564,PortScan,True
PortScan,1,ATTACK,1,0.9976218988072816,PortScan,True
PortScan,1,ATTACK,1,0.9996131138372902,PortScan,True
PortScan,1,ATTACK,1,0.9996131138372903,PortScan,True
PortScan,1,ATTACK,1,0.9967198311849328,PortScan,True
PortScan,1,ATTACK,1,0.9910859000666544,PortScan,True
PortScan,1,ATTACK,1,0.9993524824988562,PortScan,True
PortScan,1,ATTACK,1,0.9994415231438188,PortScan,True
PortScan,1,ATTACK,1,0.999441523143819,PortScan,True
PortScan,1,ATTACK,1,0.999441523143819,PortScan,True
PortScan,1,ATTACK,1,0.9994415231438188,PortScan,True
PortScan,1,ATTACK,1,0.997091920983962,PortScan,True
PortScan,1,ATTACK,1,0.9993524824988564,PortScan,True
PortScan,1,ATTACK,1,0.9983660764754156,PortScan,True
PortScan,1,ATTACK,1,0.999089889490346,PortScan,True
PortScan,1,ATTACK,1,0.99961311383729,PortScan,True
PortScan,1,ATTACK,1,0.996858197355667,PortScan,True
PortScan,1,ATTACK,1,0.9957115621460834,PortScan,True
PortScan,1,ATTACK,1,0.9982440525246422,PortScan,True
PortScan,1,ATTACK,1,0.9982210593745972,PortScan,True
PortScan,1,ATTACK,1,0.998612289410888,PortScan,True
PortScan,1,ATTACK,1,0.9952468190080136,PortScan,True
PortScan,1,ATTACK,1,0.9990898894903458,PortScan,True
PortScan,1,ATTACK,1,0.9912007140821476,PortScan,True
PortScan,1,ATTACK,1,0.9994030338816584,PortScan,True
PortScan,1,ATTACK,1,0.986747177087002,PortScan,True
PortScan,1,ATTACK,1,0.9988685712628832,PortScan,True
PortScan,1,ATTACK,1,0.9974978476285534,PortScan,True
PortScan,1,ATTACK,1,0.9970919209839618,PortScan,True
PortScan,1,ATTACK,1,0.9974978476285536,PortScan,True
PortScan,1,ATTACK,1,0.998234030991068,PortScan,True
PortScan,1,ATTACK,1,0.9990533333015418,PortScan,True
PortScan,1,ATTACK,1,0.9995777258771734,PortScan,True
PortScan,1,ATTACK,1,0.995514609563767,PortScan,True
PortScan,1,ATTACK,1,0.9983660764754154,PortScan,True
PortScan,1,ATTACK,1,0.9967198311849328,PortScan,True
PortScan,1,ATTACK,1,0.9861566745751976,PortScan,True
PortScan,1,ATTACK,1,0.9993524824988564,PortScan,True
PortScan,1,ATTACK,1,0.9956238023577256,PortScan,True
PortScan,1,ATTACK,1,0.999054789531375,PortScan,True
PortScan,1,ATTACK,1,0.999089889490346,PortScan,True
PortScan,1,ATTACK,1,0.9952831046345644,PortScan,True
PortScan,1,ATTACK,1,0.9993524824988564,PortScan,True
PortScan,1,ATTACK,1,0.9974978476285532,PortScan,True
PortScan,1,ATTACK,1,0.9995777258771734,PortScan,True
PortScan,1,ATTACK,1,0.9920874956673088,PortScan,True
Bot,1,ATTACK,1,0.2534451564503382,Bot,True
Bot,1,ATTACK,1,0.9366807819022198,Bot,True
Bot,1,ATTACK,1,0.9771750690358512,Bot,True
Bot,1,ATTACK,1,0.0543222259604443,Bot,True
Bot,1,ATTACK,1,0.5682908594706039,Bot,True
Bot,1,ATTACK,1,0.9878760524146112,Bot,True
Bot,1,ATTACK,1,0.9908108877708665,Bot,True
Bot,1,ATTACK,1,0.9920248860487116,Bot,True
Bot,1,ATTACK,1,0.9897586163720312,Bot,True
Bot,1,ATTACK,1,0.9891888186796604,Bot,True
Bot,1,ATTACK,1,0.9673703971678744,Bot,True
Bot,1,ATTACK,1,0.9921483428388352,Bot,True
Bot,1,ATTACK,1,0.9846783326964924,Bot,True
Bot,1,ATTACK,1,0.9908108877708662,Bot,True
Bot,1,ATTACK,1,0.9910167105315812,Bot,True
Bot,1,ATTACK,1,0.9579681692652424,Bot,True
Bot,1,ATTACK,1,0.9905471542880312,Bot,True
Bot,1,ATTACK,1,0.9909172707495898,Bot,True
Bot,1,ATTACK,1,0.9927216858079156,Bot,True
Bot,1,ATTACK,1,0.9767750690358512,Bot,True
Bot,1,ATTACK,1,0.9441836405414724,Bot,True
Bot,1,ATTACK,1,0.9877239494166852,Bot,True
Bot,1,ATTACK,1,0.9876154274258302,Bot,True
Bot,1,ATTACK,1,0.9868006487071432,Bot,True
Bot,1,ATTACK,1,0.9904161624697752,Bot,True
Bot,1,ATTACK,1,0.9718942773215292,Bot,True
Bot,1,ATTACK,1,0.9927239494166852,Bot,True
Bot,1,ATTACK,1,0.9797740710553222,Bot,True
Bot,1,ATTACK,1,0.9853668824886608,Bot,True
Bot,1,ATTACK,1,0.0500388707773346,Bot,True
Bot,1,ATTACK,1,0.9878668824886608,Bot,True
Bot,1,ATTACK,1,0.05067803394954,Bot,True
Bot,1,ATTACK,1,0.9694492434477676,Bot,True
Bot,1,ATTACK,1,0.5902835859657443,Bot,True
Bot,1,ATTACK,1,0.667908063827064,Bot,True
Bot,1,ATTACK,1,0.9927216858079156,Bot,True
Bot,1,ATTACK,1,0.9879039075678144,Bot,True
Bot,1,ATTACK,1,0.9732820940924968,Bot,True
Bot,1,ATTACK,1,0.992418796278974,Bot,True
Bot,1,ATTACK,1,0.9805250690358512,Bot,True
Bot,1,ATTACK,1,0.9829388186796604,Bot,True
Bot,1,ATTACK,1,0.9910167105315812,Bot,True
Bot,1,ATTACK,1,0.990855485346327,Bot,True
Bot,1,ATTACK,1,0.9924187962789738,Bot,True
Bot,1,ATTACK,1,0.9819302986230344,Bot,True
Bot,1,ATTACK,1,0.992430474500277,Bot,True
Bot,1,ATTACK,1,0.9927239494166852,Bot,True
Bot,1,ATTACK,1,0.9908108877708665,Bot,True
Bot,1,ATTACK,1,0.990547154288031,Bot,True
Bot,1,ATTACK,1,0.9893746925164728,Bot,True
Bot,1,ATTACK,1,0.9891442211041996,Bot,True
Bot,1,ATTACK,1,0.9888166503948708,Bot,True
Bot,1,ATTACK,1,0.9927216858079156,Bot,True
Bot,1,ATTACK,1,0.9910167105315812,Bot,True
Bot,1,ATTACK,1,0.9891442211041996,Bot,True
Bot,1,ATTACK,1,0.9927216858079154,Bot,True
Bot,1,ATTACK,1,0.9805250690358512,Bot,True
Bot,1,ATTACK,1,0.9899187962789736,Bot,True
Bot,1,ATTACK,1,0.9910167105315812,Bot,True
Bot,1,ATTACK,1,0.9780433026937212,Bot,True
Bot,1,ATTACK,1,0.9876644256071612,Bot,True
Bot,1,ATTACK,1,0.992723949416685,Bot,True
Bot,1,ATTACK,1,0.988516710531581,Bot,True
Bot,1,ATTACK,1,0.9841888186796602,Bot,True
Bot,1,ATTACK,1,0.9630153260491788,Bot,True
Bot,1,ATTACK,1,0.9908108877708665,Bot,True
Bot,1,ATTACK,1,0.05067803394954,Bot,True
Bot,1,ATTACK,1,0.9681386034247512,Bot,True
Bot,1,ATTACK,1,0.9927239494166852,Bot,True
Bot,1,ATTACK,1,0.9902080258498062,Bot,True
Bot,1,ATTACK,1,0.992418796278974,Bot,True
Bot,1,ATTACK,1,0.9924187962789738,Bot,True
Bot,1,ATTACK,1,0.970703730501208,Bot,True
Bot,1,ATTACK,1,0.9908108877708665,Bot,True
Bot,1,ATTACK,1,0.0543222259604444,Bot,True
Bot,1,ATTACK,1,0.9918116862347368,Bot,True
Bot,1,ATTACK,1,0.9920248860487116,Bot,True
Bot,1,ATTACK,1,0.9908771872913316,Bot,True
Bot,1,ATTACK,1,0.9927216858079156,Bot,True
Bot,1,ATTACK,1,0.9844302986230344,Bot,True
Bot,1,ATTACK,1,0.990855485346327,Bot,True
Bot,1,ATTACK,1,0.0543222259604443,Bot,True
Bot,1,ATTACK,1,0.9908771872913316,Bot,True
Bot,1,ATTACK,1,0.992430474500277,Bot,True
Bot,1,ATTACK,1,0.9623301633988198,Bot,True
Bot,1,ATTACK,1,0.9920248860487116,Bot,True
Bot,1,ATTACK,1,0.9911804745002772,Bot,True
Bot,1,ATTACK,1,0.9845705742344808,Bot,True
Bot,1,ATTACK,1,0.9805250690358512,Bot,True
Bot,1,ATTACK,1,0.05067803394954,Bot,True
Bot,1,ATTACK,1,0.9877239494166852,Bot,True
Bot,1,ATTACK,1,0.9904161624697752,Bot,True
Bot,1,ATTACK,1,0.9763886034247514,Bot,True
Bot,1,ATTACK,1,0.2751211773111923,Bot,True
Bot,1,ATTACK,1,0.9914716858079156,Bot,True
Bot,1,ATTACK,1,0.9921684864139032,Bot,True
Bot,1,ATTACK,1,0.921184682813886,Bot,True
Bot,1,ATTACK,1,0.9904039075678144,Bot,True
Bot,1,ATTACK,1,0.8779353352781691,Bot,True
Bot,1,ATTACK,1,0.6215073027652488,Bot,True
Bot,1,ATTACK,1,0.9757820940924968,Bot,True
Bot,1,ATTACK,1,0.9909785825677494,Bot,True
Bot,1,ATTACK,1,0.9908108877708665,Bot,True
Bot,1,ATTACK,1,0.991016710531581,Bot,True
Bot,1,ATTACK,1,0.970945946055322,Bot,True
Bot,1,ATTACK,1,0.9920248860487116,Bot,True
Bot,1,ATTACK,1,0.9910167105315812,Bot,True
Bot,1,ATTACK,1,0.9881802986230344,Bot,True
Bot,1,ATTACK,1,0.9736159101144344,Bot,True
Bot,1,ATTACK,1,0.9453056878721668,Bot,True
Bot,1,ATTACK,1,0.6169998802727825,Bot,True
Bot,1,ATTACK,1,0.8442309788514883,Bot,True
Bot,1,ATTACK,1,0.4245039349263835,Bot,True
Bot,1,ATTACK,1,0.9711925249933788,Bot,True
Bot,1,ATTACK,1,0.618427984887234,Bot,True
Bot,1,ATTACK,1,0.9021828680133912,Bot,True
Bot,1,ATTACK,1,0.0553890572350015,Bot,True
Bot,1,ATTACK,1,0.6266665469394491,Bot,True
Bot,1,ATTACK,1,0.9924187962789738,Bot,True
Bot,1,ATTACK,1,0.9748328738127572,Bot,True
Bot,1,ATTACK,1,0.975091735702518,Bot,True
Bot,1,ATTACK,1,0.9887002158219942,Bot,True
Bot,1,ATTACK,1,0.9868116862347368,Bot,True
Bot,1,ATTACK,1,0.9527579866171668,Bot,True
Bot,1,ATTACK,1,0.9904039075678144,Bot,True
Bot,1,ATTACK,1,0.9856802986230344,Bot,True
Bot,1,ATTACK,1,0.0553890572350015,Bot,True
Bot,1,ATTACK,1,0.975945946055322,Bot,True
Bot,1,ATTACK,1,0.9910167105315812,Bot,True
Bot,1,ATTACK,1,0.9908554853463272,Bot,True
Bot,1,ATTACK,1,0.9908771872913316,Bot,True
Bot,1,ATTACK,1,0.9904039075678144,Bot,True
Bot,1,ATTACK,1,0.991200215821994,Bot,True
Bot,1,ATTACK,1,0.9829720304570688,Bot,True
Bot,1,ATTACK,1,0.9910167105315812,Bot,True
Bot,1,ATTACK,1,0.9904039075678144,Bot,True
Bot,1,ATTACK,1,0.991200215821994,Bot,True
Bot,1,ATTACK,1,0.0543222259604444,Bot,True
Bot,1,ATTACK,1,0.9927216858079158,Bot,True
Bot,1,ATTACK,1,0.991016710531581,Bot,True
Bot,1,ATTACK,1,0.9869486361625256,Bot,True
Bot,1,ATTACK,1,0.9926028882933804,Bot,True
Bot,1,ATTACK,1,0.9904161624697752,Bot,True
Bot,1,ATTACK,1,0.991200215821994,Bot,True
Bot,1,ATTACK,1,0.9927216858079156,Bot,True
Bot,1,ATTACK,1,0.9904039075678144,Bot,True
Bot,1,ATTACK,1,0.991200215821994,Bot,True
Bot,1,ATTACK,1,0.9870427190812776,Bot,True
Bot,1,ATTACK,1,0.9894302986230344,Bot,True
Bot,1,ATTACK,1,0.05067803394954,Bot,True
Bot,1,ATTACK,1,0.991200215821994,Bot,True
Bot,1,ATTACK,1,0.9908108877708665,Bot,True
Bot,1,ATTACK,1,0.991016710531581,Bot,True
Bot,1,ATTACK,1,0.9887216858079156,Bot,True
Bot,1,ATTACK,1,0.9914716858079156,Bot,True
Bot,1,ATTACK,1,0.9842518197472364,Bot,True
Bot,1,ATTACK,1,0.991200215821994,Bot,True
Bot,1,ATTACK,1,0.9045151062271404,Bot,True
Bot,1,ATTACK,1,0.9920248860487116,Bot,True
Bot,1,ATTACK,1,0.9859785825677494,Bot,True
Bot,1,ATTACK,1,0.9785253848418638,Bot,True
Bot,1,ATTACK,1,0.3238314749926405,Bot,True
Bot,1,ATTACK,1,0.9325439791245022,Bot,True
Bot,1,ATTACK,1,0.393921227810967,Bot,True
Bot,1,ATTACK,1,0.9717750690358512,Bot,True
Bot,1,ATTACK,1,0.991801502598576,Bot,True
Bot,1,ATTACK,1,0.990547154288031,Bot,True
Bot,1,ATTACK,1,0.9920248860487116,Bot,True
Bot,1,ATTACK,1,0.9876028882933806,Bot,True
Bot,1,ATTACK,1,0.9924187962789738,Bot,True
Bot,1,ATTACK,1,0.9920248860487118,Bot,True
Bot,1,ATTACK,1,0.991016710531581,Bot,True
Bot,1,ATTACK,1,0.9869486361625254,Bot,True
Bot,1,ATTACK,1,0.9825221520129936,Bot,True
Bot,1,ATTACK,1,0.9170913199504998,Bot,True
Bot,1,ATTACK,1,0.9755935666600456,Bot,True
Bot,1,ATTACK,1,0.5326021844918586,Bot,True
Bot,1,ATTACK,1,0.9707307819022196,Bot,True
Bot,1,ATTACK,1,0.9927239494166852,Bot,True
Bot,1,ATTACK,1,0.987070574234481,Bot,True
Bot,1,ATTACK,1,0.9723792809457598,Bot,True
Bot,1,ATTACK,1,0.5257971870791712,Bot,True
Bot,1,ATTACK,1,0.9848554853463268,Bot,True
Bot,1,ATTACK,1,0.9742750690358511,Bot,True
Bot,1,ATTACK,1,0.989406338086093,Bot,True
Bot,1,ATTACK,1,0.9918015025985758,Bot,True
Bot,1,ATTACK,1,0.9807372409011476,Bot,True
Bot,1,ATTACK,1,0.9927216858079156,Bot,True
Bot,1,ATTACK,1,0.9846783326964926,Bot,True
Bot,1,ATTACK,1,0.991989196097028,Bot,True
Bot,1,ATTACK,1,0.9793897196382436,Bot,True
Bot,1,ATTACK,1,0.9927216858079156,Bot,True
Bot,1,ATTACK,1,0.9609655452263272,Bot,True
Bot,1,ATTACK,1,0.9767750690358512,Bot,True
Bot,1,ATTACK,1,0.9904039075678144,Bot,True
Bot,1,ATTACK,1,0.9887216858079156,Bot,True
Bot,1,ATTACK,1,0.05067803394954,Bot,True
Bot,1,ATTACK,1,0.987178719360388,Bot,True
Bot,1,ATTACK,1,0.9919891960970278,Bot,True
Bot,1,ATTACK,1,0.9886153028291922,Bot,True
Bot,1,ATTACK,1,0.9927216858079154,Bot,True
Bot,1,ATTACK,1,0.9909785825677494,Bot,True
Bot,1,ATTACK,1,0.9805250690358512,Bot,True
Bot,1,ATTACK,1,0.9879833170615372,Bot,True
Bot,1,ATTACK,1,0.9927216858079158,Bot,True
Bot,1,ATTACK,1,0.9927216858079156,Bot,True
Bot,1,ATTACK,1,0.9927239494166852,Bot,True
Bot,1,ATTACK,1,0.9611474485688865,Bot,True
Bot,1,ATTACK,1,0.9927216858079154,Bot,True
Bot,1,ATTACK,1,0.9891442211041998,Bot,True
Bot,1,ATTACK,1,0.9887002158219942,Bot,True
Bot,1,ATTACK,1,0.9826390212055002,Bot,True
Bot,1,ATTACK,1,0.9920248860487116,Bot,True
Bot,1,ATTACK,1,0.9776386034247514,Bot,True
Bot,1,ATTACK,1,0.9910167105315812,Bot,True
Bot,1,ATTACK,1,0.9826390212055,Bot,True
Bot,1,ATTACK,1,0.991801502598576,Bot,True
Bot,1,ATTACK,1,0.9385828041942668,Bot,True
Bot,1,ATTACK,1,0.9927216858079156,Bot,True
Bot,1,ATTACK,1,0.988180298623034,Bot,True
Bot,1,ATTACK,1,0.0543222259604444,Bot,True
Bot,1,ATTACK,1,0.9869486361625256,Bot,True
Bot,1,ATTACK,1,0.9924187962789738,Bot,True
Bot,1,ATTACK,1,0.990855485346327,Bot,True
Bot,1,ATTACK,1,0.05067803394954,Bot,True
Bot,1,ATTACK,1,0.9927216858079156,Bot,True
Bot,1,ATTACK,1,0.9306546277088394,Bot,True
Bot,1,ATTACK,1,0.9927239494166852,Bot,True
Bot,1,ATTACK,1,0.05067803394954,Bot,True
Bot,1,ATTACK,1,0.9927216858079156,Bot,True
Bot,1,ATTACK,1,0.9927216858079156,Bot,True
Bot,1,ATTACK,1,0.9927216858079156,Bot,True
Bot,1,ATTACK,1,0.0543222259604444,Bot,True
Bot,1,ATTACK,1,0.9924187962789738,Bot,True
Bot,1,ATTACK,1,0.9908771872913312,Bot,True
Bot,1,ATTACK,1,0.9905471542880312,Bot,True
Bot,1,ATTACK,1,0.9910167105315812,Bot,True
Bot,1,ATTACK,1,0.0543222259604444,Bot,True
Bot,1,ATTACK,1,0.9892506040829232,Bot,True
Bot,1,ATTACK,1,0.9776386034247514,Bot,True
Bot,1,ATTACK,1,0.9927239494166852,Bot,True
Bot,1,ATTACK,1,0.9907239494166852,Bot,True
Bot,1,ATTACK,1,0.9918116862347368,Bot,True
Bot,1,ATTACK,1,0.05067803394954,Bot,True
Bot,1,ATTACK,1,0.992148342838835,Bot,True
Bot,1,ATTACK,1,0.9870427190812776,Bot,True
Bot,1,ATTACK,1,0.9887002158219942,Bot,True
Bot,1,ATTACK,1,0.9885969652897012,Bot,True
Bot,1,ATTACK,1,0.0543222259604444,Bot,True
Bot,1,ATTACK,1,0.9896684864139034,Bot,True
Bot,1,ATTACK,1,0.9910167105315812,Bot,True
Bot,1,ATTACK,1,0.9906802986230344,Bot,True
Bot,1,ATTACK,1,0.9843883524745825,Bot,True
Bot,1,ATTACK,1,0.9927216858079156,Bot,True
Bot,1,ATTACK,1,0.99091727074959,Bot,True
Bot,1,ATTACK,1,0.9927239494166852,Bot,True
Bot,1,ATTACK,1,0.05067803394954,Bot,True
Bot,1,ATTACK,1,0.9879039075678144,Bot,True
Bot,1,ATTACK,1,0.9927216858079154,Bot,True
Bot,1,ATTACK,1,0.9879039075678144,Bot,True
Bot,1,ATTACK,1,0.9914716858079156,Bot,True
Bot,1,ATTACK,1,0.9914716858079156,Bot,True
Bot,1,ATTACK,1,0.9891442211041998,Bot,True
Bot,1,ATTACK,1,0.9904039075678144,Bot,True
Bot,1,ATTACK,1,0.9894302986230344,Bot,True
Bot,1,ATTACK,1,0.9837372409011478,Bot,True
Bot,1,ATTACK,1,0.988668796278974,Bot,True
Bot,1,ATTACK,1,0.9854039075678144,Bot,True
Bot,1,ATTACK,1,0.9800553637904024,Bot,True
Bot,1,ATTACK,1,0.9864096752134408,Bot,True
Bot,1,ATTACK,1,0.9389703860509092,Bot,True
Bot,1,ATTACK,1,0.5334350338917812,Bot,True
Web Attack � Brute Force,1,ATTACK,1,0.2814478293995836,Web_Attack,True
Web Attack � Brute Force,1,ATTACK,1,0.2117019819055599,Web_Attack,True
Web Attack � Brute Force,1,ATTACK,1,0.8777038123855683,Web_Attack,True
Web Attack � Brute Force,1,ATTACK,1,0.3892649931665341,Web_Attack,True
Web Attack � Brute Force,1,ATTACK,1,0.513387803219291,Web_Attack,True
Web Attack � Brute Force,1,ATTACK,1,0.3437796787306317,Web_Attack,True
Web Attack � Brute Force,1,ATTACK,1,0.1550672570735559,Web_Attack,True
Web Attack � Brute Force,1,ATTACK,1,0.1898205000438441,Web_Attack,True
Web Attack � Brute Force,1,ATTACK,1,0.8906125787838914,Web_Attack,True
Web Attack � Brute Force,1,ATTACK,1,0.596418023791058,Web_Attack,True
Web Attack � Brute Force,1,ATTACK,1,0.321722380578931,Web_Attack,True
Web Attack � Brute Force,1,ATTACK,1,0.7912838203424803,Web_Attack,True
Web Attack � Brute Force,1,ATTACK,1,0.7912838203424803,Web_Attack,True
Web Attack � Brute Force,1,ATTACK,1,0.2970304513393605,Web_Attack,True
Web Attack � Brute Force,1,ATTACK,1,0.2970304513393604,Web_Attack,True
Web Attack � Brute Force,1,ATTACK,1,0.2875280489161746,Web_Attack,True
Web Attack � Brute Force,1,ATTACK,1,0.1332612504951593,Web_Attack,True
Web Attack � Brute Force,1,ATTACK,1,0.2880448543686321,Web_Attack,True
Web Attack � Brute Force,1,ATTACK,1,0.2928637846726937,Web_Attack,True
Web Attack � Brute Force,1,ATTACK,1,0.2941391545431964,Web_Attack,True
Web Attack � Brute Force,1,ATTACK,1,0.6131108204584005,Web_Attack,True
Web Attack � Brute Force,1,ATTACK,1,0.1911300599212082,Web_Attack,True
Web Attack � Brute Force,1,ATTACK,1,0.2928637846726938,Web_Attack,True
Web Attack � Brute Force,1,ATTACK,1,0.2928637846726938,Web_Attack,True
Web Attack � Brute Force,1,ATTACK,1,0.1847410302925852,Web_Attack,True
Web Attack � Brute Force,1,ATTACK,1,0.2911087421904844,Web_Attack,True
Web Attack � Brute Force,1,ATTACK,1,0.5194896956688144,Web_Attack,True
Web Attack � Brute Force,1,ATTACK,1,0.2941319006147228,Web_Attack,True
Web Attack � Brute Force,1,ATTACK,1,0.2911830021883098,Web_Attack,True
Web Attack � Brute Force,1,ATTACK,1,0.2911087421904845,Web_Attack,True
Web Attack � Brute Force,1,ATTACK,1,0.2969319473359892,Web_Attack,True
Web Attack � Brute Force,1,ATTACK,1,0.2838505415724235,Web_Attack,True
Web Attack � Brute Force,1,ATTACK,1,0.2928637846726938,Web_Attack,True
Web Attack � Brute Force,1,ATTACK,1,0.2974724878765297,Web_Attack,True
Web Attack � Brute Force,1,ATTACK,1,0.284004956101266,Web_Attack,True
Web Attack � Brute Force,1,ATTACK,1,0.2970304513393605,Web_Attack,True
Web Attack � Brute Force,1,ATTACK,1,0.2935986140026558,Web_Attack,True
Web Attack � Brute Force,1,ATTACK,1,0.2928637846726938,Web_Attack,True
Web Attack � Brute Force,1,ATTACK,1,0.3062503909924199,Web_Attack,True
Web Attack � Brute Force,1,ATTACK,1,0.4527509705531205,Web_Attack,True
Web Attack � Brute Force,1,ATTACK,1,0.2069254728241242,Web_Attack,True
Web Attack � Brute Force,1,ATTACK,1,0.2941391545431964,Web_Attack,True
Web Attack � Brute Force,1,ATTACK,1,0.8906125787838914,Web_Attack,True
Web Attack � Brute Force,1,ATTACK,1,0.284004956101266,Web_Attack,True
Web Attack � Brute Force,1,ATTACK,1,0.2970304513393604,Web_Attack,True
Web Attack � Brute Force,1,ATTACK,1,0.2935986140026558,Web_Attack,True
Web Attack � Brute Force,1,ATTACK,1,0.9023102119616062,Web_Attack,True
Web Attack � Brute Force,1,ATTACK,1,0.2911087421904845,Web_Attack,True
Web Attack � Brute Force,1,ATTACK,1,0.3002652806693225,Web_Attack,True
Web Attack � Brute Force,1,ATTACK,1,0.2911830021883099,Web_Attack,True
Web Attack � Brute Force,1,ATTACK,1,0.2928637846726938,Web_Attack,True
Web Attack � Brute Force,1,ATTACK,1,0.2974724878765298,Web_Attack,True
Web Attack � Brute Force,1,ATTACK,1,0.2840049561012659,Web_Attack,True
Web Attack � Brute Force,1,ATTACK,1,0.2970304513393605,Web_Attack,True
Web Attack � Brute Force,1,ATTACK,1,0.2935986140026558,Web_Attack,True
Web Attack � Brute Force,1,ATTACK,1,0.2911087421904845,Web_Attack,True
Web Attack � Brute Force,1,ATTACK,1,0.2969319473359891,Web_Attack,True
Web Attack � Brute Force,1,ATTACK,1,0.2913631326979621,Web_Attack,True
Web Attack � Brute Force,1,ATTACK,1,0.2838505415724236,Web_Attack,True
Web Attack � Brute Force,1,ATTACK,1,0.2928637846726938,Web_Attack,True
Web Attack � Brute Force,1,ATTACK,1,0.4820904155119653,Web_Attack,True
Web Attack � Brute Force,1,ATTACK,1,0.2110921394907908,Web_Attack,True
Web Attack � Brute Force,1,ATTACK,1,0.2970304513393604,Web_Attack,True
Web Attack � Brute Force,1,ATTACK,1,0.7089651045446992,Web_Attack,True
Web Attack � Brute Force,1,ATTACK,1,0.2941391545431964,Web_Attack,True
Web Attack � Brute Force,1,ATTACK,1,0.2911087421904845,Web_Attack,True
Web Attack � Brute Force,1,ATTACK,1,0.2970304513393604,Web_Attack,True
Web Attack � Brute Force,1,ATTACK,1,0.2935986140026558,Web_Attack,True
Web Attack � Brute Force,1,ATTACK,1,0.7737713907480465,Web_Attack,True
Web Attack � Brute Force,1,ATTACK,1,0.2911087421904845,Web_Attack,True
Web Attack � Brute Force,1,ATTACK,1,0.2969319473359892,Web_Attack,True
Web Attack � Brute Force,1,ATTACK,1,0.2913631326979621,Web_Attack,True
Web Attack � Brute Force,1,ATTACK,1,0.2834872009327207,Web_Attack,True
Web Attack � Brute Force,1,ATTACK,1,0.2928637846726938,Web_Attack,True
Web Attack � Brute Force,1,ATTACK,1,0.2974724878765298,Web_Attack,True
Web Attack � Brute Force,1,ATTACK,1,0.2840049561012659,Web_Attack,True
Web Attack � Brute Force,1,ATTACK,1,0.2970304513393604,Web_Attack,True
Web Attack � Brute Force,1,ATTACK,1,0.2940644525119726,Web_Attack,True
Web Attack � Brute Force,1,ATTACK,1,0.2911087421904845,Web_Attack,True
Web Attack � Brute Force,1,ATTACK,1,0.2969319473359892,Web_Attack,True
Web Attack � Brute Force,1,ATTACK,1,0.2838505415724235,Web_Attack,True
Web Attack � Brute Force,1,ATTACK,1,0.3064170576590865,Web_Attack,True
Web Attack � Brute Force,1,ATTACK,1,0.4447760319503214,Web_Attack,True
Web Attack � Brute Force,1,ATTACK,1,0.2069254728241242,Web_Attack,True
Web Attack � Brute Force,1,ATTACK,1,0.2970304513393604,Web_Attack,True
Web Attack � Brute Force,1,ATTACK,1,0.8648643772981949,Web_Attack,True
Web Attack � Brute Force,1,ATTACK,1,0.2940644525119726,Web_Attack,True
Web Attack � Brute Force,1,ATTACK,1,0.2911087421904845,Web_Attack,True
Web Attack � Brute Force,1,ATTACK,1,0.2970304513393605,Web_Attack,True
Web Attack � Brute Force,1,ATTACK,1,0.883943313577618,Web_Attack,True
Web Attack � Brute Force,1,ATTACK,1,0.2960986140026559,Web_Attack,True
Web Attack � Brute Force,1,ATTACK,1,0.2911087421904845,Web_Attack,True
Web Attack � Brute Force,1,ATTACK,1,0.2969319473359892,Web_Attack,True
Web Attack � Brute Force,1,ATTACK,1,0.2838505415724236,Web_Attack,True
Web Attack � Brute Force,1,ATTACK,1,0.2928637846726938,Web_Attack,True
Web Attack � Brute Force,1,ATTACK,1,0.2974724878765297,Web_Attack,True
Web Attack � Brute Force,1,ATTACK,1,0.2840049561012659,Web_Attack,True
Web Attack � Brute Force,1,ATTACK,1,0.2969319473359892,Web_Attack,True
Web Attack � Brute Force,1,ATTACK,1,0.2880448543686321,Web_Attack,True
Web Attack � Brute Force,1,ATTACK,1,0.2928637846726938,Web_Attack,True
Web Attack � Brute Force,1,ATTACK,1,0.2974724878765297,Web_Attack,True
Web Attack � Brute Force,1,ATTACK,1,0.2906310225914102,Web_Attack,True
Web Attack � Brute Force,1,ATTACK,1,0.4820904155119652,Web_Attack,True
Web Attack � Brute Force,1,ATTACK,1,0.1983385163023851,Web_Attack,True
Web Attack � Brute Force,1,ATTACK,1,0.2911087421904845,Web_Attack,True
Web Attack � Brute Force,1,ATTACK,1,0.7089651045446991,Web_Attack,True
Web Attack � Brute Force,1,ATTACK,1,0.2969319473359892,Web_Attack,True
Web Attack � Brute Force,1,ATTACK,1,0.2834872009327207,Web_Attack,True
Web Attack � Brute Force,1,ATTACK,1,0.2928637846726937,Web_Attack,True
Web Attack � Brute Force,1,ATTACK,1,0.2974724878765297,Web_Attack,True
Web Attack � Brute Force,1,ATTACK,1,0.748700883384701,Web_Attack,True
Web Attack � Brute Force,1,ATTACK,1,0.284004956101266,Web_Attack,True
Web Attack � Brute Force,1,ATTACK,1,0.2970304513393605,Web_Attack,True
Web Attack � Brute Force,1,ATTACK,1,0.2941391545431964,Web_Attack,True
Web Attack � Brute Force,1,ATTACK,1,0.2911087421904845,Web_Attack,True
Web Attack � Brute Force,1,ATTACK,1,0.2970304513393605,Web_Attack,True
Web Attack � Brute Force,1,ATTACK,1,0.2948486140026559,Web_Attack,True
Web Attack � Brute Force,1,ATTACK,1,0.2970304513393604,Web_Attack,True
Web Attack � Brute Force,1,ATTACK,1,0.2941391545431964,Web_Attack,True
Web Attack � Brute Force,1,ATTACK,1,0.2911087421904845,Web_Attack,True
Web Attack � Brute Force,1,ATTACK,1,0.2970304513393605,Web_Attack,True
Web Attack � Brute Force,1,ATTACK,1,0.294848614002656,Web_Attack,True
Web Attack � Brute Force,1,ATTACK,1,0.3105296702716992,Web_Attack,True
Web Attack � Brute Force,1,ATTACK,1,0.4467760319503214,Web_Attack,True
Web Attack � Brute Force,1,ATTACK,1,0.2069254728241241,Web_Attack,True
Web Attack � Brute Force,1,ATTACK,1,0.2928637846726938,Web_Attack,True
Web Attack � Brute Force,1,ATTACK,1,0.7768216552983114,Web_Attack,True
Web Attack � Brute Force,1,ATTACK,1,0.2974724878765297,Web_Attack,True
Web Attack � Brute Force,1,ATTACK,1,0.2840049561012659,Web_Attack,True
Web Attack � Brute Force,1,ATTACK,1,0.2970304513393604,Web_Attack,True
Web Attack � Brute Force,1,ATTACK,1,0.8917922942333463,Web_Attack,True
Web Attack � Brute Force,1,ATTACK,1,0.2935986140026559,Web_Attack,True
Web Attack � Brute Force,1,ATTACK,1,0.2911087421904845,Web_Attack,True
Web Attack � Brute Force,1,ATTACK,1,0.2974724878765297,Web_Attack,True
Web Attack � Brute Force,1,ATTACK,1,0.284004956101266,Web_Attack,True
Web Attack � Brute Force,1,ATTACK,1,0.2970304513393604,Web_Attack,True
Web Attack � Brute Force,1,ATTACK,1,0.2945163355216432,Web_Attack,True
Web Attack � Brute Force,1,ATTACK,1,0.2834872009327206,Web_Attack,True
Web Attack � Brute Force,1,ATTACK,1,0.2911087421904845,Web_Attack,True
Web Attack � Brute Force,1,ATTACK,1,0.2969319473359892,Web_Attack,True
Web Attack � Brute Force,1,ATTACK,1,0.284004956101266,Web_Attack,True
Web Attack � Brute Force,1,ATTACK,1,0.2970304513393604,Web_Attack,True
Web Attack � Brute Force,1,ATTACK,1,0.2941391545431964,Web_Attack,True
Web Attack � Brute Force,1,ATTACK,1,0.284004956101266,Web_Attack,True
Web Attack � Brute Force,1,ATTACK,1,0.4820904155119653,Web_Attack,True
Web Attack � Brute Force,1,ATTACK,1,0.203338516302385,Web_Attack,True
Web Attack � Brute Force,1,ATTACK,1,0.2911087421904845,Web_Attack,True
Web Attack � Brute Force,1,ATTACK,1,0.907935146693898,Web_Attack,True
Web Attack � Brute Force,1,ATTACK,1,0.2970304513393604,Web_Attack,True
Web Attack � Brute Force,1,ATTACK,1,0.2935986140026558,Web_Attack,True
Web Attack � Brute Force,1,ATTACK,1,0.2911087421904845,Web_Attack,True
Web Attack � Brute Force,1,ATTACK,1,0.2970304513393605,Web_Attack,True
Web Attack � Brute Force,1,ATTACK,1,0.661908251335701,Web_Attack,True
Web Attack � Brute Force,1,ATTACK,1,0.2969319473359892,Web_Attack,True
Web Attack � Brute Force,1,ATTACK,1,0.2911087421904845,Web_Attack,True
Web Attack � Brute Force,1,ATTACK,1,0.2969319473359891,Web_Attack,True
Web Attack � Brute Force,1,ATTACK,1,0.2838505415724235,Web_Attack,True
Web Attack � Brute Force,1,ATTACK,1,0.2928637846726938,Web_Attack,True
Web Attack � Brute Force,1,ATTACK,1,0.2974724878765297,Web_Attack,True
Web Attack � Brute Force,1,ATTACK,1,0.2840049561012659,Web_Attack,True
Web Attack � Brute Force,1,ATTACK,1,0.2928637846726938,Web_Attack,True
Web Attack � Brute Force,1,ATTACK,1,0.2974724878765297,Web_Attack,True
Web Attack � Brute Force,1,ATTACK,1,0.284004956101266,Web_Attack,True
Web Attack � Brute Force,1,ATTACK,1,0.2970304513393605,Web_Attack,True
Web Attack � Brute Force,1,ATTACK,1,0.2940644525119726,Web_Attack,True
Web Attack � Brute Force,1,ATTACK,1,0.4467760319503215,Web_Attack,True
Web Attack � Brute Force,1,ATTACK,1,0.2135921394907908,Web_Attack,True
Web Attack � Brute Force,1,ATTACK,1,0.2935986140026558,Web_Attack,True
Web Attack � Brute Force,1,ATTACK,1,0.9044081059892258,Web_Attack,True
Web Attack � Brute Force,1,ATTACK,1,0.2928637846726938,Web_Attack,True
Web Attack � Brute Force,1,ATTACK,1,0.2974724878765297,Web_Attack,True
Web Attack � Brute Force,1,ATTACK,1,0.284004956101266,Web_Attack,True
Web Attack � Brute Force,1,ATTACK,1,0.7764362174950353,Web_Attack,True
Web Attack � Brute Force,1,ATTACK,1,0.2970304513393604,Web_Attack,True
Web Attack � Brute Force,1,ATTACK,1,0.2940644525119726,Web_Attack,True
Web Attack � Brute Force,1,ATTACK,1,0.284004956101266,Web_Attack,True
Web Attack � Brute Force,1,ATTACK,1,0.2970304513393604,Web_Attack,True
Web Attack � Brute Force,1,ATTACK,1,0.2935986140026559,Web_Attack,True
Web Attack � Brute Force,1,ATTACK,1,0.2911087421904845,Web_Attack,True
Web Attack � Brute Force,1,ATTACK,1,0.2970304513393605,Web_Attack,True
Web Attack � Brute Force,1,ATTACK,1,0.2935986140026559,Web_Attack,True
Web Attack � Brute Force,1,ATTACK,1,0.2911087421904845,Web_Attack,True
Web Attack � Brute Force,1,ATTACK,1,0.3006819473359892,Web_Attack,True
Web Attack � Brute Force,1,ATTACK,1,0.2875280489161746,Web_Attack,True
Web Attack � Brute Force,1,ATTACK,1,0.2911087421904845,Web_Attack,True
Web Attack � Brute Force,1,ATTACK,1,0.2969319473359892,Web_Attack,True
Web Attack � Brute Force,1,ATTACK,1,0.4501051636029824,Web_Attack,True
Web Attack � Brute Force,1,ATTACK,1,0.2135921394907908,Web_Attack,True
Web Attack � Brute Force,1,ATTACK,1,0.2974724878765297,Web_Attack,True
Web Attack � Brute Force,1,ATTACK,1,0.8954061577257707,Web_Attack,True
Web Attack � Brute Force,1,ATTACK,1,0.2840049561012659,Web_Attack,True
Web Attack � Brute Force,1,ATTACK,1,0.2928637846726938,Web_Attack,True
Web Attack � Brute Force,1,ATTACK,1,0.9062438323235364,Web_Attack,True
Web Attack � Brute Force,1,ATTACK,1,0.2834872009327206,Web_Attack,True
Web Attack � Brute Force,1,ATTACK,1,0.2911087421904845,Web_Attack,True
Web Attack � Brute Force,1,ATTACK,1,0.2969319473359892,Web_Attack,True
Web Attack � Brute Force,1,ATTACK,1,0.2838505415724235,Web_Attack,True
Web Attack � Brute Force,1,ATTACK,1,0.2928637846726938,Web_Attack,True
Web Attack � Brute Force,1,ATTACK,1,0.2974724878765298,Web_Attack,True
Web Attack � Brute Force,1,ATTACK,1,0.2840049561012659,Web_Attack,True
Web Attack � Brute Force,1,ATTACK,1,0.2928637846726938,Web_Attack,True
Web Attack � Brute Force,1,ATTACK,1,0.2974724878765298,Web_Attack,True
Web Attack � Brute Force,1,ATTACK,1,0.284004956101266,Web_Attack,True
Web Attack � Brute Force,1,ATTACK,1,0.2970304513393604,Web_Attack,True
Web Attack � Brute Force,1,ATTACK,1,0.2935986140026558,Web_Attack,True
Web Attack � Brute Force,1,ATTACK,1,0.2911087421904845,Web_Attack,True
Web Attack � Brute Force,1,ATTACK,1,0.2923471143913259,Web_Attack,True
Web Attack � Brute Force,1,ATTACK,1,0.4527509705531205,Web_Attack,True
Web Attack � Brute Force,1,ATTACK,1,0.2069254728241242,Web_Attack,True
Web Attack � Brute Force,1,ATTACK,1,0.2974724878765297,Web_Attack,True
Web Attack � Brute Force,1,ATTACK,1,0.8887486585783626,Web_Attack,True
Web Attack � Brute Force,1,ATTACK,1,0.2928637846726938,Web_Attack,True
Web Attack � Brute Force,1,ATTACK,1,0.2974724878765297,Web_Attack,True
Web Attack � Brute Force,1,ATTACK,1,0.7487008833847011,Web_Attack,True
Web Attack � Brute Force,1,ATTACK,1,0.284004956101266,Web_Attack,True
Web Attack � Brute Force,1,ATTACK,1,0.2970304513393604,Web_Attack,True
Web Attack � Brute Force,1,ATTACK,1,0.2935986140026559,Web_Attack,True
Web Attack � Brute Force,1,ATTACK,1,0.2911087421904845,Web_Attack,True
Web Attack � Brute Force,1,ATTACK,1,0.2970304513393604,Web_Attack,True
Web Attack � Brute Force,1,ATTACK,1,0.2948486140026559,Web_Attack,True
Web Attack � Brute Force,1,ATTACK,1,0.2875280489161746,Web_Attack,True
Web Attack � Brute Force,1,ATTACK,1,0.2911087421904845,Web_Attack,True
Web Attack � Brute Force,1,ATTACK,1,0.3002652806693225,Web_Attack,True
Web Attack � Brute Force,1,ATTACK,1,0.2834872009327206,Web_Attack,True
Web Attack � Brute Force,1,ATTACK,1,0.2928637846726938,Web_Attack,True
Web Attack � Brute Force,1,ATTACK,1,0.2974724878765298,Web_Attack,True
Web Attack � Brute Force,1,ATTACK,1,0.2838505415724235,Web_Attack,True
Web Attack � Brute Force,1,ATTACK,1,0.2928637846726938,Web_Attack,True
Web Attack � Brute Force,1,ATTACK,1,0.4864654155119652,Web_Attack,True
Web Attack � Brute Force,1,ATTACK,1,0.2135921394907908,Web_Attack,True
Web Attack � Brute Force,1,ATTACK,1,0.2928637846726938,Web_Attack,True
Web Attack � Brute Force,1,ATTACK,1,0.8249617797073243,Web_Attack,True
Web Attack � Brute Force,1,ATTACK,1,0.2941391545431963,Web_Attack,True
Web Attack � Brute Force,1,ATTACK,1,0.2911087421904845,Web_Attack,True
Web Attack � Brute Force,1,ATTACK,1,0.2969319473359892,Web_Attack,True
Web Attack � Brute Force,1,ATTACK,1,0.5688451069559658,Web_Attack,True
Web Attack � Brute Force,1,ATTACK,1,0.2838505415724235,Web_Attack,True
Web Attack � Brute Force,1,ATTACK,1,0.2928637846726938,Web_Attack,True
Web Attack � Brute Force,1,ATTACK,1,0.2974724878765297,Web_Attack,True
Web Attack � Brute Force,1,ATTACK,1,0.284004956101266,Web_Attack,True
Web Attack � Brute Force,1,ATTACK,1,0.2970304513393605,Web_Attack,True
Web Attack � Brute Force,1,ATTACK,1,0.2940644525119727,Web_Attack,True
Web Attack � Brute Force,1,ATTACK,1,0.2840049561012659,Web_Attack,True
Web Attack � Brute Force,1,ATTACK,1,0.2970304513393604,Web_Attack,True
Web Attack � Brute Force,1,ATTACK,1,0.2940644525119726,Web_Attack,True
Web Attack � Brute Force,1,ATTACK,1,0.2911087421904845,Web_Attack,True
Web Attack � Brute Force,1,ATTACK,1,0.2970304513393605,Web_Attack,True
Web Attack � Brute Force,1,ATTACK,1,0.2834872009327206,Web_Attack,True
Web Attack � Brute Force,1,ATTACK,1,0.2969319473359892,Web_Attack,True
Web Attack � Brute Force,1,ATTACK,1,0.4484426986169881,Web_Attack,True
Web Attack � Brute Force,1,ATTACK,1,0.2069254728241242,Web_Attack,True
Web Attack � Brute Force,1,ATTACK,1,0.2970304513393604,Web_Attack,True
Web Attack � Brute Force,1,ATTACK,1,0.7082959231391976,Web_Attack,True
Web Attack � Brute Force,1,ATTACK,1,0.2869628133665589,Web_Attack,True
Web Attack � Brute Force,1,ATTACK,1,0.2911087421904845,Web_Attack,True
Web Attack � Brute Force,1,ATTACK,1,0.3002652806693225,Web_Attack,True
Web Attack � Brute Force,1,ATTACK,1,0.748700883384701,Web_Attack,True
Web Attack � Brute Force,1,ATTACK,1,0.2834872009327206,Web_Attack,True
Web Attack � Brute Force,1,ATTACK,1,0.2926993308404669,Web_Attack,True
Web Attack � Brute Force,1,ATTACK,1,0.2969319473359892,Web_Attack,True
Web Attack � Brute Force,1,ATTACK,1,0.2840049561012659,Web_Attack,True
Web Attack � Brute Force,1,ATTACK,1,0.2928637846726938,Web_Attack,True
Web Attack � Brute Force,1,ATTACK,1,0.2974724878765298,Web_Attack,True
Web Attack � Brute Force,1,ATTACK,1,0.2911087421904845,Web_Attack,True
Web Attack � Brute Force,1,ATTACK,1,0.2970304513393605,Web_Attack,True
Web Attack � Brute Force,1,ATTACK,1,0.2935986140026558,Web_Attack,True
Web Attack � Brute Force,1,ATTACK,1,0.2860795659779565,Web_Attack,True
Web Attack � Brute Force,1,ATTACK,1,0.2911087421904845,Web_Attack,True
Web Attack � Brute Force,1,ATTACK,1,0.2970304513393605,Web_Attack,True
Web Attack � Brute Force,1,ATTACK,1,0.2875280489161746,Web_Attack,True
Web Attack � Brute Force,1,ATTACK,1,0.4820904155119652,Web_Attack,True
Web Attack � Brute Force,1,ATTACK,1,0.198338516302385,Web_Attack,True
Web Attack � Brute Force,1,ATTACK,1,0.2834872009327206,Web_Attack,True
Web Attack � Brute Force,1,ATTACK,1,0.8648643772981951,Web_Attack,True
Web Attack � Brute Force,1,ATTACK,1,0.2918659975071335,Web_Attack,True
Web Attack � Brute Force,1,ATTACK,1,0.2969319473359892,Web_Attack,True
Web Attack � Brute Force,1,ATTACK,1,0.2911087421904845,Web_Attack,True
Web Attack � Brute Force,1,ATTACK,1,0.3002652806693225,Web_Attack,True
Web Attack � Brute Force,1,ATTACK,1,0.805857643291461,Web_Attack,True
Web Attack � Brute Force,1,ATTACK,1,0.2838505415724235,Web_Attack,True
Web Attack � Brute Force,1,ATTACK,1,0.2928637846726938,Web_Attack,True
Web Attack � Brute Force,1,ATTACK,1,0.2974724878765298,Web_Attack,True
Web Attack � Brute Force,1,ATTACK,1,0.2963382894345994,Web_Attack,True
Web Attack � Brute Force,1,ATTACK,1,0.2970304513393604,Web_Attack,True
Web Attack � Brute Force,1,ATTACK,1,0.2834872009327206,Web_Attack,True
Web Attack � Brute Force,1,ATTACK,1,0.2911087421904845,Web_Attack,True
Web Attack � Brute Force,1,ATTACK,1,0.3002652806693225,Web_Attack,True
Web Attack � Brute Force,1,ATTACK,1,0.2834872009327206,Web_Attack,True
Web Attack � Brute Force,1,ATTACK,1,0.2928637846726937,Web_Attack,True
Web Attack � Brute Force,1,ATTACK,1,0.2974724878765297,Web_Attack,True
Web Attack � Brute Force,1,ATTACK,1,0.2914540524647205,Web_Attack,True
Web Attack � Brute Force,1,ATTACK,1,0.4467760319503214,Web_Attack,True
Web Attack � Brute Force,1,ATTACK,1,0.2019254728241242,Web_Attack,True
Web Attack � Brute Force,1,ATTACK,1,0.2911087421904845,Web_Attack,True
Web Attack � Brute Force,1,ATTACK,1,0.8702678608886717,Web_Attack,True
Web Attack � Brute Force,1,ATTACK,1,0.2977652806693225,Web_Attack,True
Web Attack � Brute Force,1,ATTACK,1,0.2911087421904845,Web_Attack,True
Web Attack � Brute Force,1,ATTACK,1,0.2970304513393604,Web_Attack,True
Web Attack � Brute Force,1,ATTACK,1,0.9020728243924374,Web_Attack,True
Web Attack � Brute Force,1,ATTACK,1,0.2838505415724235,Web_Attack,True
Web Attack � Brute Force,1,ATTACK,1,0.2928637846726937,Web_Attack,True
Web Attack � Brute Force,1,ATTACK,1,0.2974724878765298,Web_Attack,True
Web Attack � Brute Force,1,ATTACK,1,0.2840049561012659,Web_Attack,True
Web Attack � Brute Force,1,ATTACK,1,0.2970304513393604,Web_Attack,True
Web Attack � Brute Force,1,ATTACK,1,0.2940644525119726,Web_Attack,True
Web Attack � Brute Force,1,ATTACK,1,0.2869628133665589,Web_Attack,True
Web Attack � Brute Force,1,ATTACK,1,0.2911087421904845,Web_Attack,True
Web Attack � Brute Force,1,ATTACK,1,0.3006819473359892,Web_Attack,True
Web Attack � Brute Force,1,ATTACK,1,0.2834872009327206,Web_Attack,True
Web Attack � Brute Force,1,ATTACK,1,0.2928637846726938,Web_Attack,True
Web Attack � Brute Force,1,ATTACK,1,0.2974724878765297,Web_Attack,True
Web Attack � Brute Force,1,ATTACK,1,0.2840049561012661,Web_Attack,True
Web Attack � Brute Force,1,ATTACK,1,0.4820904155119652,Web_Attack,True
Web Attack � Brute Force,1,ATTACK,1,0.2060921394907908,Web_Attack,True
Web Attack � Brute Force,1,ATTACK,1,0.2911087421904845,Web_Attack,True
Web Attack � Brute Force,1,ATTACK,1,0.7715388819047203,Web_Attack,True
Web Attack � Brute Force,1,ATTACK,1,0.2969319473359892,Web_Attack,True
Web Attack � Brute Force,1,ATTACK,1,0.2838505415724235,Web_Attack,True
Web Attack � Brute Force,1,ATTACK,1,0.2928637846726938,Web_Attack,True
Web Attack � Brute Force,1,ATTACK,1,0.8249617797073243,Web_Attack,True
Web Attack � Brute Force,1,ATTACK,1,0.2834872009327207,Web_Attack,True
Web Attack � Brute Force,1,ATTACK,1,0.2901993308404669,Web_Attack,True
Web Attack � Brute Force,1,ATTACK,1,0.2969319473359892,Web_Attack,True
Web Attack � Brute Force,1,ATTACK,1,0.2840049561012659,Web_Attack,True
Web Attack � Brute Force,1,ATTACK,1,0.2970304513393605,Web_Attack,True
Web Attack � Brute Force,1,ATTACK,1,0.2941391545431964,Web_Attack,True
Web Attack � Brute Force,1,ATTACK,1,0.2946716227679327,Web_Attack,True
Web Attack � Brute Force,1,ATTACK,1,0.2970304513393605,Web_Attack,True
Web Attack � Brute Force,1,ATTACK,1,0.2834872009327207,Web_Attack,True
Web Attack � Brute Force,1,ATTACK,1,0.2911087421904845,Web_Attack,True
Web Attack � Brute Force,1,ATTACK,1,0.2969319473359892,Web_Attack,True
Web Attack � Brute Force,1,ATTACK,1,0.2838505415724234,Web_Attack,True
Web Attack � Brute Force,1,ATTACK,1,0.292347114391326,Web_Attack,True
Web Attack � Brute Force,1,ATTACK,1,0.4467760319503215,Web_Attack,True
Web Attack � Brute Force,1,ATTACK,1,0.2069254728241242,Web_Attack,True
Web Attack � Brute Force,1,ATTACK,1,0.2941319006147228,Web_Attack,True
Web Attack � Brute Force,1,ATTACK,1,0.8833525862971995,Web_Attack,True
Web Attack � Brute Force,1,ATTACK,1,0.2834872009327206,Web_Attack,True
Web Attack � Brute Force,1,ATTACK,1,0.2970304513393604,Web_Attack,True
Web Attack � Brute Force,1,ATTACK,1,0.8173332874675192,Web_Attack,True
Web Attack � Brute Force,1,ATTACK,1,0.2869628133665589,Web_Attack,True
Web Attack � Brute Force,1,ATTACK,1,0.2911087421904845,Web_Attack,True
Web Attack � Brute Force,1,ATTACK,1,0.2973667299446848,Web_Attack,True
Web Attack � Brute Force,1,ATTACK,1,0.2838505415724235,Web_Attack,True
Web Attack � Brute Force,1,ATTACK,1,0.2928637846726938,Web_Attack,True
Web Attack � Brute Force,1,ATTACK,1,0.2974724878765297,Web_Attack,True
Web Attack � Brute Force,1,ATTACK,1,0.2840049561012659,Web_Attack,True
Web Attack � Brute Force,1,ATTACK,1,0.2970304513393604,Web_Attack,True
Web Attack � Brute Force,1,ATTACK,1,0.2880758850797245,Web_Attack,True
Web Attack � Brute Force,1,ATTACK,1,0.2911087421904845,Web_Attack,True
Web Attack � Brute Force,1,ATTACK,1,0.2973667299446848,Web_Attack,True
Web Attack � Brute Force,1,ATTACK,1,0.2834872009327206,Web_Attack,True
Web Attack � Brute Force,1,ATTACK,1,0.2901993308404669,Web_Attack,True
Web Attack � Brute Force,1,ATTACK,1,0.4820904155119653,Web_Attack,True
Web Attack � Brute Force,1,ATTACK,1,0.2110921394907908,Web_Attack,True
Web Attack � Brute Force,1,ATTACK,1,0.2928637846726938,Web_Attack,True
Web Attack � Brute Force,1,ATTACK,1,0.6619082513357009,Web_Attack,True
Web Attack � Brute Force,1,ATTACK,1,0.2941391545431964,Web_Attack,True
Web Attack � Brute Force,1,ATTACK,1,0.2928637846726938,Web_Attack,True
Web Attack � Brute Force,1,ATTACK,1,0.2974724878765297,Web_Attack,True
Web Attack � Brute Force,1,ATTACK,1,0.9069368813941966,Web_Attack,True
Web Attack � Brute Force,1,ATTACK,1,0.2840049561012659,Web_Attack,True
Web Attack � Brute Force,1,ATTACK,1,0.2970304513393604,Web_Attack,True
Web Attack � Brute Force,1,ATTACK,1,0.2941391545431964,Web_Attack,True
Web Attack � Brute Force,1,ATTACK,1,0.3043484636477821,Web_Attack,True
Web Attack � Brute Force,1,ATTACK,1,0.2963382894345993,Web_Attack,True
Web Attack � Brute Force,1,ATTACK,1,0.2970304513393605,Web_Attack,True
Web Attack � Brute Force,1,ATTACK,1,0.2834872009327206,Web_Attack,True
Web Attack � Brute Force,1,ATTACK,1,0.2928637846726938,Web_Attack,True
Web Attack � Brute Force,1,ATTACK,1,0.2969319473359892,Web_Attack,True
Web Attack � Brute Force,1,ATTACK,1,0.2840049561012659,Web_Attack,True
Web Attack � Brute Force,1,ATTACK,1,0.2970304513393605,Web_Attack,True
Web Attack � Brute Force,1,ATTACK,1,0.2941391545431964,Web_Attack,True
Web Attack � Brute Force,1,ATTACK,1,0.3244317969811153,Web_Attack,True
Web Attack � Brute Force,1,ATTACK,1,0.2946716227679326,Web_Attack,True
Web Attack � Brute Force,1,ATTACK,1,0.2948486140026559,Web_Attack,True
Web Attack � Brute Force,1,ATTACK,1,0.4447152562674062,Web_Attack,True
Web Attack � Brute Force,1,ATTACK,1,0.2069254728241242,Web_Attack,True
Web Attack � Brute Force,1,ATTACK,1,0.8243909415542494,Web_Attack,True
Web Attack � Brute Force,1,ATTACK,1,0.2869628133665589,Web_Attack,True
Web Attack � Brute Force,1,ATTACK,1,0.2911087421904845,Web_Attack,True
Web Attack � Brute Force,1,ATTACK,1,0.2969319473359892,Web_Attack,True
Web Attack � Brute Force,1,ATTACK,1,0.7586739011077189,Web_Attack,True
Web Attack � Brute Force,1,ATTACK,1,0.2838505415724235,Web_Attack,True
Web Attack � Brute Force,1,ATTACK,1,0.2928637846726938,Web_Attack,True
Web Attack � Brute Force,1,ATTACK,1,0.2974724878765298,Web_Attack,True
Web Attack � Brute Force,1,ATTACK,1,0.2840049561012659,Web_Attack,True
Web Attack � Brute Force,1,ATTACK,1,0.2970304513393605,Web_Attack,True
Web Attack � Brute Force,1,ATTACK,1,0.2894128993112898,Web_Attack,True
Web Attack � Brute Force,1,ATTACK,1,0.2911087421904845,Web_Attack,True
Web Attack � Brute Force,1,ATTACK,1,0.2941319006147227,Web_Attack,True
Web Attack � Brute Force,1,ATTACK,1,0.2838505415724235,Web_Attack,True
Web Attack � Brute Force,1,ATTACK,1,0.2928637846726937,Web_Attack,True
Web Attack � Brute Force,1,ATTACK,1,0.2974724878765298,Web_Attack,True
Web Attack � Brute Force,1,ATTACK,1,0.2840049561012659,Web_Attack,True
Web Attack � Brute Force,1,ATTACK,1,0.2970304513393604,Web_Attack,True
Web Attack � Brute Force,1,ATTACK,1,0.3921289731267921,Web_Attack,True
Web Attack � Brute Force,1,ATTACK,1,0.2019254728241242,Web_Attack,True
Web Attack � Brute Force,1,ATTACK,1,0.9062438323235364,Web_Attack,True
Web Attack � Brute Force,1,ATTACK,1,0.2767272710643298,Web_Attack,True
Web Attack � Brute Force,1,ATTACK,1,0.2911087421904845,Web_Attack,True
Web Attack � Brute Force,1,ATTACK,1,0.2970304513393605,Web_Attack,True
Web Attack � Brute Force,1,ATTACK,1,0.773771390748047,Web_Attack,True
Web Attack � Brute Force,1,ATTACK,1,0.2865280489161746,Web_Attack,True
Web Attack � Brute Force,1,ATTACK,1,0.2911087421904845,Web_Attack,True
Web Attack � Brute Force,1,ATTACK,1,0.2969319473359892,Web_Attack,True
Web Attack � Brute Force,1,ATTACK,1,0.2838505415724235,Web_Attack,True
Web Attack � Brute Force,1,ATTACK,1,0.2928637846726938,Web_Attack,True
Web Attack � Brute Force,1,ATTACK,1,0.2974724878765298,Web_Attack,True
Web Attack � Brute Force,1,ATTACK,1,0.2840049561012659,Web_Attack,True
Web Attack � Brute Force,1,ATTACK,1,0.2969319473359892,Web_Attack,True
Web Attack � Brute Force,1,ATTACK,1,0.2838505415724235,Web_Attack,True
Web Attack � Brute Force,1,ATTACK,1,0.2970304513393605,Web_Attack,True
Web Attack � Brute Force,1,ATTACK,1,0.2834872009327207,Web_Attack,True
Web Attack � Brute Force,1,ATTACK,1,0.2928637846726938,Web_Attack,True
Web Attack � Brute Force,1,ATTACK,1,0.2974724878765297,Web_Attack,True
Web Attack � Brute Force,1,ATTACK,1,0.292347114391326,Web_Attack,True
Web Attack � Brute Force,1,ATTACK,1,0.4467760319503215,Web_Attack,True
Web Attack � Brute Force,1,ATTACK,1,0.2069254728241241,Web_Attack,True
Web Attack � Brute Force,1,ATTACK,1,0.2911087421904845,Web_Attack,True
Web Attack � Brute Force,1,ATTACK,1,0.8906125787838914,Web_Attack,True
Web Attack � Brute Force,1,ATTACK,1,0.3002652806693225,Web_Attack,True
Web Attack � Brute Force,1,ATTACK,1,0.2838505415724236,Web_Attack,True
Web Attack � Brute Force,1,ATTACK,1,0.2928637846726938,Web_Attack,True
Web Attack � Brute Force,1,ATTACK,1,0.7737713907480466,Web_Attack,True
Web Attack � Brute Force,1,ATTACK,1,0.2834872009327207,Web_Attack,True
Web Attack � Brute Force,1,ATTACK,1,0.2928637846726938,Web_Attack,True
Web Attack � Brute Force,1,ATTACK,1,0.2974724878765297,Web_Attack,True
Web Attack � Brute Force,1,ATTACK,1,0.2840049561012659,Web_Attack,True
Web Attack � Brute Force,1,ATTACK,1,0.2970304513393604,Web_Attack,True
Web Attack � Brute Force,1,ATTACK,1,0.2834872009327206,Web_Attack,True
Web Attack � Brute Force,1,ATTACK,1,0.2918659975071335,Web_Attack,True
Web Attack � Brute Force,1,ATTACK,1,0.2969319473359892,Web_Attack,True
Web Attack � Brute Force,1,ATTACK,1,0.284004956101266,Web_Attack,True
Web Attack � Brute Force,1,ATTACK,1,0.2970304513393605,Web_Attack,True
Web Attack � Brute Force,1,ATTACK,1,0.4174591359239228,Web_Attack,True
Web Attack � Brute Force,1,ATTACK,1,0.2911087421904845,Web_Attack,True
Web Attack � Brute Force,1,ATTACK,1,0.4820904155119653,Web_Attack,True
Web Attack � Brute Force,1,ATTACK,1,0.2135921394907908,Web_Attack,True
Web Attack � Brute Force,1,ATTACK,1,0.2901993308404669,Web_Attack,True
Web Attack � Brute Force,1,ATTACK,1,0.9044081059892258,Web_Attack,True
Web Attack � Brute Force,1,ATTACK,1,0.2974724878765298,Web_Attack,True
Web Attack � Brute Force,1,ATTACK,1,0.284004956101266,Web_Attack,True
Web Attack � Brute Force,1,ATTACK,1,0.2970304513393604,Web_Attack,True
Web Attack � Brute Force,1,ATTACK,1,0.9027546340943352,Web_Attack,True
Web Attack � Brute Force,1,ATTACK,1,0.4674236551515278,Web_Attack,True
Web Attack � Brute Force,1,ATTACK,1,0.2911087421904845,Web_Attack,True
Web Attack � Brute Force,1,ATTACK,1,0.2973667299446849,Web_Attack,True
Web Attack � Brute Force,1,ATTACK,1,0.2840049561012659,Web_Attack,True
Web Attack � Brute Force,1,ATTACK,1,0.2970304513393604,Web_Attack,True
Web Attack � Brute Force,1,ATTACK,1,0.4812688932467659,Web_Attack,True
Web Attack � Brute Force,1,ATTACK,1,0.2911087421904845,Web_Attack,True
Web Attack � Brute Force,1,ATTACK,1,0.2970304513393604,Web_Attack,True
Web Attack � Brute Force,1,ATTACK,1,0.2834872009327206,Web_Attack,True
Web Attack � Brute Force,1,ATTACK,1,0.2911087421904845,Web_Attack,True
Web Attack � Brute Force,1,ATTACK,1,0.2969319473359892,Web_Attack,True
Web Attack � Brute Force,1,ATTACK,1,0.2840049561012659,Web_Attack,True
Web Attack � Brute Force,1,ATTACK,1,0.3132162236420523,Web_Attack,True
Web Attack � Brute Force,1,ATTACK,1,0.4527509705531205,Web_Attack,True
Web Attack � Brute Force,1,ATTACK,1,0.2069254728241242,Web_Attack,True
Web Attack � Brute Force,1,ATTACK,1,0.2970304513393604,Web_Attack,True
Web Attack � Brute Force,1,ATTACK,1,0.8249617797073241,Web_Attack,True
Web Attack � Brute Force,1,ATTACK,1,0.2869628133665589,Web_Attack,True
Web Attack � Brute Force,1,ATTACK,1,0.2911087421904845,Web_Attack,True
Web Attack � Brute Force,1,ATTACK,1,0.2969319473359892,Web_Attack,True
Web Attack � Brute Force,1,ATTACK,1,0.7429445804318492,Web_Attack,True
Web Attack � Brute Force,1,ATTACK,1,0.2838505415724235,Web_Attack,True
Web Attack � Brute Force,1,ATTACK,1,0.2928637846726938,Web_Attack,True
Web Attack � Brute Force,1,ATTACK,1,0.2860795659779564,Web_Attack,True
Web Attack � Brute Force,1,ATTACK,1,0.2911087421904845,Web_Attack,True
Web Attack � Brute Force,1,ATTACK,1,0.3002652806693225,Web_Attack,True
Web Attack � Brute Force,1,ATTACK,1,0.2911087421904845,Web_Attack,True
Web Attack � Brute Force,1,ATTACK,1,0.2970304513393605,Web_Attack,True
Web Attack � Brute Force,1,ATTACK,1,0.2834872009327207,Web_Attack,True
Web Attack � Brute Force,1,ATTACK,1,0.2911087421904845,Web_Attack,True
Web Attack � Brute Force,1,ATTACK,1,0.2969319473359892,Web_Attack,True
Web Attack � Brute Force,1,ATTACK,1,0.2838505415724235,Web_Attack,True
Web Attack � Brute Force,1,ATTACK,1,0.2928637846726938,Web_Attack,True
Web Attack � Brute Force,1,ATTACK,1,0.4747718302696491,Web_Attack,True
Web Attack � Brute Force,1,ATTACK,1,0.2110921394907908,Web_Attack,True
Web Attack � Brute Force,1,ATTACK,1,0.2970304513393605,Web_Attack,True
Web Attack � Brute Force,1,ATTACK,1,0.4114072033529474,Web_Attack,True
Web Attack � Brute Force,1,ATTACK,1,0.2869628133665589,Web_Attack,True
Web Attack � Brute Force,1,ATTACK,1,0.2911087421904845,Web_Attack,True
Web Attack � Brute Force,1,ATTACK,1,0.2977652806693225,Web_Attack,True
Web Attack � Brute Force,1,ATTACK,1,0.7564300391013513,Web_Attack,True
Web Attack � Brute Force,1,ATTACK,1,0.2838505415724235,Web_Attack,True
Web Attack � Brute Force,1,ATTACK,1,0.2928637846726938,Web_Attack,True
Web Attack � Brute Force,1,ATTACK,1,0.3105296702716992,Web_Attack,True
Web Attack � Brute Force,1,ATTACK,1,0.284004956101266,Web_Attack,True
Web Attack � Brute Force,1,ATTACK,1,0.2970304513393605,Web_Attack,True
Web Attack � Brute Force,1,ATTACK,1,0.284004956101266,Web_Attack,True
Web Attack � Brute Force,1,ATTACK,1,0.2928637846726938,Web_Attack,True
Web Attack � Brute Force,1,ATTACK,1,0.3118384786949143,Web_Attack,True
Web Attack � Brute Force,1,ATTACK,1,0.2911087421904845,Web_Attack,True
Web Attack � Brute Force,1,ATTACK,1,0.2970304513393604,Web_Attack,True
Web Attack � Brute Force,1,ATTACK,1,0.2825280489161746,Web_Attack,True
Web Attack � Brute Force,1,ATTACK,1,0.2911087421904845,Web_Attack,True
Web Attack � Brute Force,1,ATTACK,1,0.3003029466583563,Web_Attack,True
FTP-Patator,1,ATTACK,1,0.2948486140026559,Web_Attack,True
FTP-Patator,1,ATTACK,1,0.8566459729268463,FTP-Patator,True
FTP-Patator,1,ATTACK,1,0.1424360602201049,FTP-Patator,True
FTP-Patator,1,ATTACK,1,0.1125454763022303,FTP-Patator,True
FTP-Patator,1,ATTACK,1,0.4990063365003706,FTP-Patator,True
FTP-Patator,1,ATTACK,1,0.7258871550132825,FTP-Patator,True
FTP-Patator,1,ATTACK,1,0.1983843209038822,FTP-Patator,True
FTP-Patator,1,ATTACK,1,0.2021647327996787,FTP-Patator,True
FTP-Patator,1,ATTACK,1,0.1048918966614579,FTP-Patator,True
FTP-Patator,1,ATTACK,1,0.185754170982229,FTP-Patator,True
FTP-Patator,1,ATTACK,1,0.3435938081040566,FTP-Patator,True
FTP-Patator,1,ATTACK,1,0.1932555697488003,FTP-Patator,True
FTP-Patator,1,ATTACK,1,0.7534067559004951,FTP-Patator,True
FTP-Patator,1,ATTACK,1,0.5041989921798934,FTP-Patator,True
FTP-Patator,1,ATTACK,1,0.5041989921798934,FTP-Patator,True
FTP-Patator,1,ATTACK,1,0.5091989921798934,FTP-Patator,True
FTP-Patator,1,ATTACK,1,0.5091989921798933,FTP-Patator,True
FTP-Patator,1,ATTACK,1,0.5091989921798934,FTP-Patator,True
FTP-Patator,1,ATTACK,1,0.5091989921798934,FTP-Patator,True
FTP-Patator,1,ATTACK,1,0.3428906353661766,FTP-Patator,True
FTP-Patator,1,ATTACK,1,0.1179090199292419,FTP-Patator,True
FTP-Patator,1,ATTACK,1,0.1179090199292418,FTP-Patator,True
FTP-Patator,1,ATTACK,1,0.5091989921798934,FTP-Patator,True
FTP-Patator,1,ATTACK,1,0.1125454763022303,FTP-Patator,True
FTP-Patator,1,ATTACK,1,0.6072835673792782,FTP-Patator,True
FTP-Patator,1,ATTACK,1,0.4243493011238783,FTP-Patator,True
FTP-Patator,1,ATTACK,1,0.5091989921798934,FTP-Patator,True
FTP-Patator,1,ATTACK,1,0.5091989921798934,FTP-Patator,True
FTP-Patator,1,ATTACK,1,0.5091989921798934,FTP-Patator,True
FTP-Patator,1,ATTACK,1,0.2987828620663743,FTP-Patator,True
FTP-Patator,1,ATTACK,1,0.1941141383556322,FTP-Patator,True
FTP-Patator,1,ATTACK,1,0.7603204468693506,FTP-Patator,True
FTP-Patator,1,ATTACK,1,0.8793625566810696,FTP-Patator,True
FTP-Patator,1,ATTACK,1,0.1941141383556322,FTP-Patator,True
FTP-Patator,1,ATTACK,1,0.5092023366614987,FTP-Patator,True
FTP-Patator,1,ATTACK,1,0.5092023366614988,FTP-Patator,True
FTP-Patator,1,ATTACK,1,0.5091989921798934,FTP-Patator,True
FTP-Patator,1,ATTACK,1,0.5091989921798934,FTP-Patator,True
FTP-Patator,1,ATTACK,1,0.5091989921798934,FTP-Patator,True
FTP-Patator,1,ATTACK,1,0.5091989921798934,FTP-Patator,True
FTP-Patator,1,ATTACK,1,0.9390379720525917,FTP-Patator,True
FTP-Patator,1,ATTACK,1,0.7515211055460432,FTP-Patator,True
FTP-Patator,1,ATTACK,1,0.5091989921798934,FTP-Patator,True
FTP-Patator,1,ATTACK,1,0.1125454763022303,FTP-Patator,True
FTP-Patator,1,ATTACK,1,0.7463136985383781,FTP-Patator,True
FTP-Patator,1,ATTACK,1,0.5237753802597798,FTP-Patator,True
FTP-Patator,1,ATTACK,1,0.5091989921798934,FTP-Patator,True
FTP-Patator,1,ATTACK,1,0.5091989921798934,FTP-Patator,True
FTP-Patator,1,ATTACK,1,0.5091989921798934,FTP-Patator,True
FTP-Patator,1,ATTACK,1,0.1179090199292418,FTP-Patator,True
FTP-Patator,1,ATTACK,1,0.8171964316412604,FTP-Patator,True
FTP-Patator,1,ATTACK,1,0.7235981657098814,FTP-Patator,True
FTP-Patator,1,ATTACK,1,0.5091696569229367,FTP-Patator,True
FTP-Patator,1,ATTACK,1,0.5092023366614987,FTP-Patator,True
FTP-Patator,1,ATTACK,1,0.5092023366614987,FTP-Patator,True
FTP-Patator,1,ATTACK,1,0.5092023366614988,FTP-Patator,True
FTP-Patator,1,ATTACK,1,0.7515211055460435,FTP-Patator,True
FTP-Patator,1,ATTACK,1,0.1125454763022303,FTP-Patator,True
FTP-Patator,1,ATTACK,1,0.5091989921798934,FTP-Patator,True
FTP-Patator,1,ATTACK,1,0.5091989921798934,FTP-Patator,True
FTP-Patator,1,ATTACK,1,0.7515211055460435,FTP-Patator,True
FTP-Patator,1,ATTACK,1,0.5091989921798935,FTP-Patator,True
FTP-Patator,1,ATTACK,1,0.6632373118483925,FTP-Patator,True
FTP-Patator,1,ATTACK,1,0.1125454763022303,FTP-Patator,True
FTP-Patator,1,ATTACK,1,0.6072835673792784,FTP-Patator,True
FTP-Patator,1,ATTACK,1,0.5091989921798934,FTP-Patator,True
FTP-Patator,1,ATTACK,1,0.5091989921798934,FTP-Patator,True
FTP-Patator,1,ATTACK,1,0.5091989921798933,FTP-Patator,True
FTP-Patator,1,ATTACK,1,0.1941141383556322,FTP-Patator,True
FTP-Patator,1,ATTACK,1,0.3474109299380041,FTP-Patator,True
FTP-Patator,1,ATTACK,1,0.59905290218042,FTP-Patator,True
FTP-Patator,1,ATTACK,1,0.7123775445766186,FTP-Patator,True
FTP-Patator,1,ATTACK,1,0.5092023366614987,FTP-Patator,True
FTP-Patator,1,ATTACK,1,0.5092023366614987,FTP-Patator,True
FTP-Patator,1,ATTACK,1,0.5091989921798934,FTP-Patator,True
FTP-Patator,1,ATTACK,1,0.5091989921798934,FTP-Patator,True
FTP-Patator,1,ATTACK,1,0.1125454763022303,FTP-Patator,True
FTP-Patator,1,ATTACK,1,0.1179090199292418,FTP-Patator,True
FTP-Patator,1,ATTACK,1,0.5040641124548074,FTP-Patator,True
FTP-Patator,1,ATTACK,1,0.5040641124548075,FTP-Patator,True
FTP-Patator,1,ATTACK,1,0.6895567846524965,FTP-Patator,True
FTP-Patator,1,ATTACK,1,0.514220035776543,FTP-Patator,True
FTP-Patator,1,ATTACK,1,0.3946591730692694,FTP-Patator,True
FTP-Patator,1,ATTACK,1,0.7783647719968023,FTP-Patator,True
FTP-Patator,1,ATTACK,1,0.4243493011238786,FTP-Patator,True
FTP-Patator,1,ATTACK,1,0.5091989921798934,FTP-Patator,True
FTP-Patator,1,ATTACK,1,0.5091989921798935,FTP-Patator,True
FTP-Patator,1,ATTACK,1,0.5091989921798933,FTP-Patator,True
FTP-Patator,1,ATTACK,1,0.1941141383556322,FTP-Patator,True
FTP-Patator,1,ATTACK,1,0.7783647719968022,FTP-Patator,True
FTP-Patator,1,ATTACK,1,0.8364116860549976,FTP-Patator,True
FTP-Patator,1,ATTACK,1,0.6138402630224928,FTP-Patator,True
FTP-Patator,1,ATTACK,1,0.5091989921798934,FTP-Patator,True
FTP-Patator,1,ATTACK,1,0.5091989921798934,FTP-Patator,True
FTP-Patator,1,ATTACK,1,0.5091989921798934,FTP-Patator,True
FTP-Patator,1,ATTACK,1,0.5091989921798934,FTP-Patator,True
FTP-Patator,1,ATTACK,1,0.5091989921798934,FTP-Patator,True
FTP-Patator,1,ATTACK,1,0.5091989921798934,FTP-Patator,True
FTP-Patator,1,ATTACK,1,0.6938016963068311,FTP-Patator,True
FTP-Patator,1,ATTACK,1,0.809882134403219,FTP-Patator,True
FTP-Patator,1,ATTACK,1,0.7205904434861682,FTP-Patator,True
FTP-Patator,1,ATTACK,1,0.5040641124548074,FTP-Patator,True
FTP-Patator,1,ATTACK,1,0.6827500602946874,FTP-Patator,True
FTP-Patator,1,ATTACK,1,0.901940695691122,FTP-Patator,True
FTP-Patator,1,ATTACK,1,0.1179090199292418,FTP-Patator,True
FTP-Patator,1,ATTACK,1,0.514220035776543,FTP-Patator,True
FTP-Patator,1,ATTACK,1,0.514220035776543,FTP-Patator,True
FTP-Patator,1,ATTACK,1,0.514220035776543,FTP-Patator,True
FTP-Patator,1,ATTACK,1,0.7274633480231913,FTP-Patator,True
FTP-Patator,1,ATTACK,1,0.8155167787409006,FTP-Patator,True
FTP-Patator,1,ATTACK,1,0.7235981657098814,FTP-Patator,True
FTP-Patator,1,ATTACK,1,0.1125454763022303,FTP-Patator,True
FTP-Patator,1,ATTACK,1,0.7950419977923544,FTP-Patator,True
FTP-Patator,1,ATTACK,1,0.5091663124413314,FTP-Patator,True
FTP-Patator,1,ATTACK,1,0.5091663124413313,FTP-Patator,True
FTP-Patator,1,ATTACK,1,0.5091989921798934,FTP-Patator,True
FTP-Patator,1,ATTACK,1,0.5091663124413313,FTP-Patator,True
FTP-Patator,1,ATTACK,1,0.5091989921798934,FTP-Patator,True
FTP-Patator,1,ATTACK,1,0.8056087959907181,FTP-Patator,True
FTP-Patator,1,ATTACK,1,0.5041989921798935,FTP-Patator,True
FTP-Patator,1,ATTACK,1,0.8364116860549973,FTP-Patator,True
FTP-Patator,1,ATTACK,1,0.5091989921798934,FTP-Patator,True
FTP-Patator,1,ATTACK,1,0.6702135115372612,FTP-Patator,True
FTP-Patator,1,ATTACK,1,0.6702135115372612,FTP-Patator,True
FTP-Patator,1,ATTACK,1,0.0739301040781536,FTP-Patator,True
FTP-Patator,1,ATTACK,1,0.5091989921798935,FTP-Patator,True
FTP-Patator,1,ATTACK,1,0.5091989921798934,FTP-Patator,True
FTP-Patator,1,ATTACK,1,0.5091989921798934,FTP-Patator,True
FTP-Patator,1,ATTACK,1,0.8056087959907186,FTP-Patator,True
FTP-Patator,1,ATTACK,1,0.5091989921798934,FTP-Patator,True
FTP-Patator,1,ATTACK,1,0.5091989921798934,FTP-Patator,True
FTP-Patator,1,ATTACK,1,0.0739301040781536,FTP-Patator,True
FTP-Patator,1,ATTACK,1,0.728042993991793,FTP-Patator,True
FTP-Patator,1,ATTACK,1,0.5376229745494079,FTP-Patator,True
FTP-Patator,1,ATTACK,1,0.7515211055460433,FTP-Patator,True
FTP-Patator,1,ATTACK,1,0.8954188655444765,FTP-Patator,True
FTP-Patator,1,ATTACK,1,0.5091989921798934,FTP-Patator,True
FTP-Patator,1,ATTACK,1,0.5091989921798934,FTP-Patator,True
FTP-Patator,1,ATTACK,1,0.5091989921798934,FTP-Patator,True
FTP-Patator,1,ATTACK,1,0.5091989921798934,FTP-Patator,True
FTP-Patator,1,ATTACK,1,0.0739301040781536,FTP-Patator,True
FTP-Patator,1,ATTACK,1,0.5091989921798934,FTP-Patator,True
FTP-Patator,1,ATTACK,1,0.7533571690362035,FTP-Patator,True
FTP-Patator,1,ATTACK,1,0.1179090199292419,FTP-Patator,True
FTP-Patator,1,ATTACK,1,0.5990529021804197,FTP-Patator,True
FTP-Patator,1,ATTACK,1,0.5091663124413313,FTP-Patator,True
FTP-Patator,1,ATTACK,1,0.5091989921798934,FTP-Patator,True
FTP-Patator,1,ATTACK,1,0.5091663124413314,FTP-Patator,True
FTP-Patator,1,ATTACK,1,0.1905085650021471,FTP-Patator,True
FTP-Patator,1,ATTACK,1,0.1125454763022303,FTP-Patator,True
FTP-Patator,1,ATTACK,1,0.6138402630224928,FTP-Patator,True
FTP-Patator,1,ATTACK,1,0.1179090199292418,FTP-Patator,True
FTP-Patator,1,ATTACK,1,0.1125454763022303,FTP-Patator,True
FTP-Patator,1,ATTACK,1,0.5029042463028588,FTP-Patator,True
FTP-Patator,1,ATTACK,1,0.5079042463028588,FTP-Patator,True
FTP-Patator,1,ATTACK,1,0.5079042463028588,FTP-Patator,True
FTP-Patator,1,ATTACK,1,0.5079042463028588,FTP-Patator,True
FTP-Patator,1,ATTACK,1,0.5091989921798935,FTP-Patator,True
FTP-Patator,1,ATTACK,1,0.808800824904775,FTP-Patator,True
FTP-Patator,1,ATTACK,1,0.5091989921798934,FTP-Patator,True
FTP-Patator,1,ATTACK,1,0.8954188655444761,FTP-Patator,True
FTP-Patator,1,ATTACK,1,0.499220035776543,FTP-Patator,True
FTP-Patator,1,ATTACK,1,0.6826011185341576,FTP-Patator,True
FTP-Patator,1,ATTACK,1,0.8627032123374954,FTP-Patator,True
FTP-Patator,1,ATTACK,1,0.1125454763022303,FTP-Patator,True
FTP-Patator,1,ATTACK,1,0.5091989921798934,FTP-Patator,True
FTP-Patator,1,ATTACK,1,0.5091989921798934,FTP-Patator,True
FTP-Patator,1,ATTACK,1,0.5091989921798934,FTP-Patator,True
FTP-Patator,1,ATTACK,1,0.6914899593200313,FTP-Patator,True
FTP-Patator,1,ATTACK,1,0.720590443486168,FTP-Patator,True
FTP-Patator,1,ATTACK,1,0.7418086006665243,FTP-Patator,True
FTP-Patator,1,ATTACK,1,0.7542968020207804,FTP-Patator,True
FTP-Patator,1,ATTACK,1,0.7213224331827406,FTP-Patator,True
FTP-Patator,1,ATTACK,1,0.7456816717809913,FTP-Patator,True
FTP-Patator,1,ATTACK,1,0.5091989921798934,FTP-Patator,True
FTP-Patator,1,ATTACK,1,0.5091989921798934,FTP-Patator,True
FTP-Patator,1,ATTACK,1,0.5091989921798934,FTP-Patator,True
FTP-Patator,1,ATTACK,1,0.5091989921798934,FTP-Patator,True
FTP-Patator,1,ATTACK,1,0.5091989921798934,FTP-Patator,True
FTP-Patator,1,ATTACK,1,0.5091989921798934,FTP-Patator,True
FTP-Patator,1,ATTACK,1,0.6632373118483926,FTP-Patator,True
FTP-Patator,1,ATTACK,1,0.5091989921798934,FTP-Patator,True
FTP-Patator,1,ATTACK,1,0.7950419977923542,FTP-Patator,True
FTP-Patator,1,ATTACK,1,0.8417349001245197,FTP-Patator,True
FTP-Patator,1,ATTACK,1,0.1125454763022303,FTP-Patator,True
FTP-Patator,1,ATTACK,1,0.5041696569229367,FTP-Patator,True
FTP-Patator,1,ATTACK,1,0.5041696569229367,FTP-Patator,True
FTP-Patator,1,ATTACK,1,0.5041696569229367,FTP-Patator,True
FTP-Patator,1,ATTACK,1,0.1179090199292419,FTP-Patator,True
FTP-Patator,1,ATTACK,1,0.6733351973643468,FTP-Patator,True
FTP-Patator,1,ATTACK,1,0.7235981657098814,FTP-Patator,True
FTP-Patator,1,ATTACK,1,0.1125454763022303,FTP-Patator,True
FTP-Patator,1,ATTACK,1,0.596299149072618,FTP-Patator,True
FTP-Patator,1,ATTACK,1,0.1179090199292419,FTP-Patator,True
FTP-Patator,1,ATTACK,1,0.5141989921798934,FTP-Patator,True
FTP-Patator,1,ATTACK,1,0.51661565884656,FTP-Patator,True
FTP-Patator,1,ATTACK,1,0.5091989921798934,FTP-Patator,True
FTP-Patator,1,ATTACK,1,0.5091989921798934,FTP-Patator,True
FTP-Patator,1,ATTACK,1,0.51161565884656,FTP-Patator,True
FTP-Patator,1,ATTACK,1,0.5107823255132267,FTP-Patator,True
FTP-Patator,1,ATTACK,1,0.7526441748831099,FTP-Patator,True
FTP-Patator,1,ATTACK,1,0.5091989921798934,FTP-Patator,True
FTP-Patator,1,ATTACK,1,0.8196294175839342,FTP-Patator,True
FTP-Patator,1,ATTACK,1,0.9169837667348943,FTP-Patator,True
FTP-Patator,1,ATTACK,1,0.4978865471878146,FTP-Patator,True
FTP-Patator,1,ATTACK,1,0.4942023366614987,FTP-Patator,True
FTP-Patator,1,ATTACK,1,0.6733351973643468,FTP-Patator,True
FTP-Patator,1,ATTACK,1,0.5091989921798934,FTP-Patator,True
FTP-Patator,1,ATTACK,1,0.6138402630224928,FTP-Patator,True
FTP-Patator,1,ATTACK,1,0.9297901052730292,FTP-Patator,True
FTP-Patator,1,ATTACK,1,0.9105126886146644,FTP-Patator,True
FTP-Patator,1,ATTACK,1,0.7563666966886735,FTP-Patator,True
FTP-Patator,1,ATTACK,1,0.7671498815422644,FTP-Patator,True
FTP-Patator,1,ATTACK,1,0.7274633480231916,FTP-Patator,True
FTP-Patator,1,ATTACK,1,0.5092200357765431,FTP-Patator,True
FTP-Patator,1,ATTACK,1,0.5042200357765431,FTP-Patator,True
FTP-Patator,1,ATTACK,1,0.514220035776543,FTP-Patator,True
FTP-Patator,1,ATTACK,1,0.514220035776543,FTP-Patator,True
FTP-Patator,1,ATTACK,1,0.514220035776543,FTP-Patator,True
FTP-Patator,1,ATTACK,1,0.514220035776543,FTP-Patator,True
FTP-Patator,1,ATTACK,1,0.1179090199292418,FTP-Patator,True
FTP-Patator,1,ATTACK,1,0.5141989921798934,FTP-Patator,True
FTP-Patator,1,ATTACK,1,0.1640617942787721,FTP-Patator,True
FTP-Patator,1,ATTACK,1,0.5091989921798935,FTP-Patator,True
FTP-Patator,1,ATTACK,1,0.5091989921798934,FTP-Patator,True
FTP-Patator,1,ATTACK,1,0.6826011185341576,FTP-Patator,True
FTP-Patator,1,ATTACK,1,0.8383574031949057,FTP-Patator,True
FTP-Patator,1,ATTACK,1,0.5091989921798934,FTP-Patator,True
FTP-Patator,1,ATTACK,1,0.5028538674492524,FTP-Patator,True
FTP-Patator,1,ATTACK,1,0.5028538674492524,FTP-Patator,True
FTP-Patator,1,ATTACK,1,0.1125454763022303,FTP-Patator,True
FTP-Patator,1,ATTACK,1,0.7950419977923541,FTP-Patator,True
FTP-Patator,1,ATTACK,1,0.7235981657098814,FTP-Patator,True
FTP-Patator,1,ATTACK,1,0.2216095919208005,FTP-Patator,True
FTP-Patator,1,ATTACK,1,0.4942023366614987,FTP-Patator,True
FTP-Patator,1,ATTACK,1,0.4942023366614987,FTP-Patator,True
FTP-Patator,1,ATTACK,1,0.3779440947722765,FTP-Patator,True
FTP-Patator,1,ATTACK,1,0.5056461404627731,FTP-Patator,True
FTP-Patator,1,ATTACK,1,0.5091989921798934,FTP-Patator,True
FTP-Patator,1,ATTACK,1,0.5091989921798934,FTP-Patator,True
FTP-Patator,1,ATTACK,1,0.5091989921798935,FTP-Patator,True
FTP-Patator,1,ATTACK,1,0.1179090199292418,FTP-Patator,True
FTP-Patator,1,ATTACK,1,0.5141156588465601,FTP-Patator,True
FTP-Patator,1,ATTACK,1,0.5090641124548075,FTP-Patator,True
FTP-Patator,1,ATTACK,1,0.91826551276664,FTP-Patator,True
FTP-Patator,1,ATTACK,1,0.836411686054997,FTP-Patator,True
FTP-Patator,1,ATTACK,1,0.8566459729268463,FTP-Patator,True
FTP-Patator,1,ATTACK,1,0.5091989921798934,FTP-Patator,True
FTP-Patator,1,ATTACK,1,0.8056087959907182,FTP-Patator,True
FTP-Patator,1,ATTACK,1,0.4243493011238785,FTP-Patator,True
FTP-Patator,1,ATTACK,1,0.7024692043211799,FTP-Patator,True
FTP-Patator,1,ATTACK,1,0.5092023366614987,FTP-Patator,True
FTP-Patator,1,ATTACK,1,0.5091989921798934,FTP-Patator,True
FTP-Patator,1,ATTACK,1,0.5091989921798934,FTP-Patator,True
FTP-Patator,1,ATTACK,1,0.7031449840705862,FTP-Patator,True
FTP-Patator,1,ATTACK,1,0.7542968020207808,FTP-Patator,True
FTP-Patator,1,ATTACK,1,0.5042200357765431,FTP-Patator,True
FTP-Patator,1,ATTACK,1,0.5042200357765431,FTP-Patator,True
FTP-Patator,1,ATTACK,1,0.6138402630224928,FTP-Patator,True
FTP-Patator,1,ATTACK,1,0.5091989921798935,FTP-Patator,True
FTP-Patator,1,ATTACK,1,0.7603204468693509,FTP-Patator,True
FTP-Patator,1,ATTACK,1,0.5091989921798934,FTP-Patator,True
FTP-Patator,1,ATTACK,1,0.7280429939917932,FTP-Patator,True
FTP-Patator,1,ATTACK,1,0.8364116860549974,FTP-Patator,True
FTP-Patator,1,ATTACK,1,0.514220035776543,FTP-Patator,True
FTP-Patator,1,ATTACK,1,0.5091989921798934,FTP-Patator,True
FTP-Patator,1,ATTACK,1,0.819629417583934,FTP-Patator,True
FTP-Patator,1,ATTACK,1,0.5091989921798934,FTP-Patator,True
FTP-Patator,1,ATTACK,1,0.3370667268978798,FTP-Patator,True
FTP-Patator,1,ATTACK,1,0.8364116860549972,FTP-Patator,True
FTP-Patator,1,ATTACK,1,0.1125454763022303,FTP-Patator,True
FTP-Patator,1,ATTACK,1,0.8954188655444763,FTP-Patator,True
FTP-Patator,1,ATTACK,1,0.1942629570975067,FTP-Patator,True
FTP-Patator,1,ATTACK,1,0.5021829987395059,FTP-Patator,True
FTP-Patator,1,ATTACK,1,0.5142166912949376,FTP-Patator,True
FTP-Patator,1,ATTACK,1,0.5142166912949376,FTP-Patator,True
FTP-Patator,1,ATTACK,1,0.5091989921798934,FTP-Patator,True
FTP-Patator,1,ATTACK,1,0.5091989921798934,FTP-Patator,True
FTP-Patator,1,ATTACK,1,0.5091989921798934,FTP-Patator,True
FTP-Patator,1,ATTACK,1,0.9169837667348943,FTP-Patator,True
FTP-Patator,1,ATTACK,1,0.7603204468693509,FTP-Patator,True
FTP-Patator,1,ATTACK,1,0.5091989921798934,FTP-Patator,True
FTP-Patator,1,ATTACK,1,0.8649544861652915,FTP-Patator,True
FTP-Patator,1,ATTACK,1,0.5042166912949376,FTP-Patator,True
FTP-Patator,1,ATTACK,1,0.472921663719037,FTP-Patator,True
FTP-Patator,1,ATTACK,1,0.7280429939917932,FTP-Patator,True
FTP-Patator,1,ATTACK,1,0.8627032123374954,FTP-Patator,True
FTP-Patator,1,ATTACK,1,0.6322756707411146,FTP-Patator,True
FTP-Patator,1,ATTACK,1,0.6196959234514857,FTP-Patator,True
FTP-Patator,1,ATTACK,1,0.7172123442128171,FTP-Patator,True
FTP-Patator,1,ATTACK,1,0.714825565211592,FTP-Patator,True
FTP-Patator,1,ATTACK,1,0.1125454763022303,FTP-Patator,True
FTP-Patator,1,ATTACK,1,0.1595909645908138,FTP-Patator,True
FTP-Patator,1,ATTACK,1,0.5091989921798934,FTP-Patator,True
FTP-Patator,1,ATTACK,1,0.5091989921798934,FTP-Patator,True
FTP-Patator,1,ATTACK,1,0.5091989921798934,FTP-Patator,True
FTP-Patator,1,ATTACK,1,0.5091989921798934,FTP-Patator,True
FTP-Patator,1,ATTACK,1,0.5091989921798934,FTP-Patator,True
FTP-Patator,1,ATTACK,1,0.5091989921798934,FTP-Patator,True
FTP-Patator,1,ATTACK,1,0.5091989921798934,FTP-Patator,True
FTP-Patator,1,ATTACK,1,0.6322756707411146,FTP-Patator,True
FTP-Patator,1,ATTACK,1,0.5091989921798934,FTP-Patator,True
FTP-Patator,1,ATTACK,1,0.3428906353661766,FTP-Patator,True
FTP-Patator,1,ATTACK,1,0.75264417488311,FTP-Patator,True
FTP-Patator,1,ATTACK,1,0.5091989921798934,FTP-Patator,True
FTP-Patator,1,ATTACK,1,0.5091989921798934,FTP-Patator,True
FTP-Patator,1,ATTACK,1,0.7904489041896545,FTP-Patator,True
FTP-Patator,1,ATTACK,1,0.8196294175839338,FTP-Patator,True
FTP-Patator,1,ATTACK,1,0.7418086006665244,FTP-Patator,True
FTP-Patator,1,ATTACK,1,0.1905085650021471,FTP-Patator,True
FTP-Patator,1,ATTACK,1,0.1179090199292419,FTP-Patator,True
FTP-Patator,1,ATTACK,1,0.6396160160459897,FTP-Patator,True
FTP-Patator,1,ATTACK,1,0.5092200357765431,FTP-Patator,True
FTP-Patator,1,ATTACK,1,0.5092200357765431,FTP-Patator,True
FTP-Patator,1,ATTACK,1,0.5091989921798934,FTP-Patator,True
FTP-Patator,1,ATTACK,1,0.5091989921798934,FTP-Patator,True
FTP-Patator,1,ATTACK,1,0.5091989921798934,FTP-Patator,True
FTP-Patator,1,ATTACK,1,0.5091696569229367,FTP-Patator,True
FTP-Patator,1,ATTACK,1,0.6322756707411147,FTP-Patator,True
FTP-Patator,1,ATTACK,1,0.5092200357765431,FTP-Patator,True
FTP-Patator,1,ATTACK,1,0.8364116860549976,FTP-Patator,True
FTP-Patator,1,ATTACK,1,0.5042200357765431,FTP-Patator,True
FTP-Patator,1,ATTACK,1,0.8171964316412601,FTP-Patator,True
FTP-Patator,1,ATTACK,1,0.5091663124413313,FTP-Patator,True
FTP-Patator,1,ATTACK,1,0.760320446869351,FTP-Patator,True
FTP-Patator,1,ATTACK,1,0.5091989921798934,FTP-Patator,True
FTP-Patator,1,ATTACK,1,0.1941141383556322,FTP-Patator,True
FTP-Patator,1,ATTACK,1,0.0739301040781536,FTP-Patator,True
FTP-Patator,1,ATTACK,1,0.0739301040781536,FTP-Patator,True
FTP-Patator,1,ATTACK,1,0.0739301040781536,FTP-Patator,True
FTP-Patator,1,ATTACK,1,0.0776783290184824,FTP-Patator,True
FTP-Patator,1,ATTACK,1,0.3630371706163931,FTP-Patator,True
FTP-Patator,1,ATTACK,1,0.5091989921798934,FTP-Patator,True
FTP-Patator,1,ATTACK,1,0.5091989921798934,FTP-Patator,True
FTP-Patator,1,ATTACK,1,0.5091989921798933,FTP-Patator,True
FTP-Patator,1,ATTACK,1,0.5091989921798934,FTP-Patator,True
FTP-Patator,1,ATTACK,1,0.5091989921798934,FTP-Patator,True
FTP-Patator,1,ATTACK,1,0.5091989921798934,FTP-Patator,True
FTP-Patator,1,ATTACK,1,0.1125454763022303,FTP-Patator,True
FTP-Patator,1,ATTACK,1,0.5091989921798934,FTP-Patator,True
FTP-Patator,1,ATTACK,1,0.7194878875343664,FTP-Patator,True
FTP-Patator,1,ATTACK,1,0.4295949502112307,FTP-Patator,True
FTP-Patator,1,ATTACK,1,0.1125454763022303,FTP-Patator,True
FTP-Patator,1,ATTACK,1,0.5091696569229367,FTP-Patator,True
FTP-Patator,1,ATTACK,1,0.816382465908522,FTP-Patator,True
FTP-Patator,1,ATTACK,1,0.514220035776543,FTP-Patator,True
FTP-Patator,1,ATTACK,1,0.3428906353661765,FTP-Patator,True
FTP-Patator,1,ATTACK,1,0.7148255652115918,FTP-Patator,True
FTP-Patator,1,ATTACK,1,0.753357169036204,FTP-Patator,True
FTP-Patator,1,ATTACK,1,0.3027606339419993,FTP-Patator,True
FTP-Patator,1,ATTACK,1,0.5091989921798934,FTP-Patator,True
FTP-Patator,1,ATTACK,1,0.5091989921798934,FTP-Patator,True
FTP-Patator,1,ATTACK,1,0.5091989921798935,FTP-Patator,True
FTP-Patator,1,ATTACK,1,0.5091989921798934,FTP-Patator,True
FTP-Patator,1,ATTACK,1,0.5091989921798935,FTP-Patator,True
FTP-Patator,1,ATTACK,1,0.5091989921798934,FTP-Patator,True
FTP-Patator,1,ATTACK,1,0.1179090199292418,FTP-Patator,True
FTP-Patator,1,ATTACK,1,0.1125454763022303,FTP-Patator,True
FTP-Patator,1,ATTACK,1,0.3370667268978797,FTP-Patator,True
FTP-Patator,1,ATTACK,1,0.5091663124413313,FTP-Patator,True
FTP-Patator,1,ATTACK,1,0.809882134403219,FTP-Patator,True
FTP-Patator,1,ATTACK,1,0.5091989921798934,FTP-Patator,True
FTP-Patator,1,ATTACK,1,0.1125454763022303,FTP-Patator,True
FTP-Patator,1,ATTACK,1,0.5091989921798934,FTP-Patator,True
FTP-Patator,1,ATTACK,1,0.1179090199292418,FTP-Patator,True
FTP-Patator,1,ATTACK,1,0.5091989921798934,FTP-Patator,True
FTP-Patator,1,ATTACK,1,0.1179090199292418,FTP-Patator,True
FTP-Patator,1,ATTACK,1,0.367387124430942,FTP-Patator,True
FTP-Patator,1,ATTACK,1,0.7542968020207804,FTP-Patator,True
FTP-Patator,1,ATTACK,1,0.7463136985383779,FTP-Patator,True
FTP-Patator,1,ATTACK,1,0.4243493011238783,FTP-Patator,True
FTP-Patator,1,ATTACK,1,0.5091989921798934,FTP-Patator,True
FTP-Patator,1,ATTACK,1,0.5091989921798935,FTP-Patator,True
FTP-Patator,1,ATTACK,1,0.5091989921798935,FTP-Patator,True
FTP-Patator,1,ATTACK,1,0.5091989921798935,FTP-Patator,True
FTP-Patator,1,ATTACK,1,0.5091696569229367,FTP-Patator,True
FTP-Patator,1,ATTACK,1,0.8056087959907181,FTP-Patator,True
FTP-Patator,1,ATTACK,1,0.1125454763022303,FTP-Patator,True
FTP-Patator,1,ATTACK,1,0.5091989921798934,FTP-Patator,True
FTP-Patator,1,ATTACK,1,0.5091989921798934,FTP-Patator,True
FTP-Patator,1,ATTACK,1,0.1125454763022303,FTP-Patator,True
FTP-Patator,1,ATTACK,1,0.5091989921798934,FTP-Patator,True
FTP-Patator,1,ATTACK,1,0.0739301040781536,FTP-Patator,True
FTP-Patator,1,ATTACK,1,0.5091989921798934,FTP-Patator,True
FTP-Patator,1,ATTACK,1,0.7280429939917932,FTP-Patator,True
FTP-Patator,1,ATTACK,1,0.5091989921798934,FTP-Patator,True
FTP-Patator,1,ATTACK,1,0.8627032123374956,FTP-Patator,True
FTP-Patator,1,ATTACK,1,0.5091989921798935,FTP-Patator,True
FTP-Patator,1,ATTACK,1,0.4084717079819565,FTP-Patator,True
FTP-Patator,1,ATTACK,1,0.1125454763022303,FTP-Patator,True
FTP-Patator,1,ATTACK,1,0.7645172323793916,FTP-Patator,True
FTP-Patator,1,ATTACK,1,0.4440361813620345,FTP-Patator,True
FTP-Patator,1,ATTACK,1,0.0739301040781536,FTP-Patator,True
FTP-Patator,1,ATTACK,1,0.5091989921798934,FTP-Patator,True
FTP-Patator,1,ATTACK,1,0.5091989921798934,FTP-Patator,True
FTP-Patator,1,ATTACK,1,0.5091989921798934,FTP-Patator,True
FTP-Patator,1,ATTACK,1,0.5091989921798934,FTP-Patator,True
FTP-Patator,1,ATTACK,1,0.5091989921798934,FTP-Patator,True
FTP-Patator,1,ATTACK,1,0.5091989921798934,FTP-Patator,True
FTP-Patator,1,ATTACK,1,0.5091989921798934,FTP-Patator,True
FTP-Patator,1,ATTACK,1,0.819629417583934,FTP-Patator,True
FTP-Patator,1,ATTACK,1,0.1125454763022303,FTP-Patator,True
FTP-Patator,1,ATTACK,1,0.5091663124413313,FTP-Patator,True
FTP-Patator,1,ATTACK,1,0.809882134403219,FTP-Patator,True
FTP-Patator,1,ATTACK,1,0.5091989921798934,FTP-Patator,True
FTP-Patator,1,ATTACK,1,0.1125454763022303,FTP-Patator,True
FTP-Patator,1,ATTACK,1,0.5142166912949376,FTP-Patator,True
FTP-Patator,1,ATTACK,1,0.7463136985383778,FTP-Patator,True
FTP-Patator,1,ATTACK,1,0.8155167787409004,FTP-Patator,True
FTP-Patator,1,ATTACK,1,0.5376229745494081,FTP-Patator,True
FTP-Patator,1,ATTACK,1,0.3603893641695704,FTP-Patator,True
FTP-Patator,1,ATTACK,1,0.3273041901441647,FTP-Patator,True
FTP-Patator,1,ATTACK,1,0.1179090199292419,FTP-Patator,True
FTP-Patator,1,ATTACK,1,0.5091989921798934,FTP-Patator,True
FTP-Patator,1,ATTACK,1,0.5091989921798934,FTP-Patator,True
FTP-Patator,1,ATTACK,1,0.5091989921798934,FTP-Patator,True
FTP-Patator,1,ATTACK,1,0.5091989921798934,FTP-Patator,True
FTP-Patator,1,ATTACK,1,0.5091989921798934,FTP-Patator,True
FTP-Patator,1,ATTACK,1,0.5091989921798934,FTP-Patator,True
FTP-Patator,1,ATTACK,1,0.6826011185341576,FTP-Patator,True
FTP-Patator,1,ATTACK,1,0.8155167787409006,FTP-Patator,True
FTP-Patator,1,ATTACK,1,0.460421663719037,FTP-Patator,True
FTP-Patator,1,ATTACK,1,0.5091663124413314,FTP-Patator,True
FTP-Patator,1,ATTACK,1,0.7603204468693505,FTP-Patator,True
FTP-Patator,1,ATTACK,1,0.5091989921798934,FTP-Patator,True
FTP-Patator,1,ATTACK,1,0.7563666966886733,FTP-Patator,True
FTP-Patator,1,ATTACK,1,0.5091989921798934,FTP-Patator,True
FTP-Patator,1,ATTACK,1,0.6396160160459897,FTP-Patator,True
FTP-Patator,1,ATTACK,1,0.766401905132016,FTP-Patator,True
FTP-Patator,1,ATTACK,1,0.8308953328033136,FTP-Patator,True
FTP-Patator,1,ATTACK,1,0.6826011185341578,FTP-Patator,True
FTP-Patator,1,ATTACK,1,0.2505680445616497,FTP-Patator,True
FTP-Patator,1,ATTACK,1,0.7603204468693505,FTP-Patator,True
FTP-Patator,1,ATTACK,1,0.5091989921798935,FTP-Patator,True
FTP-Patator,1,ATTACK,1,0.5091989921798934,FTP-Patator,True
FTP-Patator,1,ATTACK,1,0.5091989921798934,FTP-Patator,True
FTP-Patator,1,ATTACK,1,0.5091989921798935,FTP-Patator,True
FTP-Patator,1,ATTACK,1,0.5091989921798934,FTP-Patator,True
FTP-Patator,1,ATTACK,1,0.5091989921798934,FTP-Patator,True
FTP-Patator,1,ATTACK,1,0.6895567846524964,FTP-Patator,True
FTP-Patator,1,ATTACK,1,0.3027606339419993,FTP-Patator,True
FTP-Patator,1,ATTACK,1,0.5042023366614988,FTP-Patator,True
FTP-Patator,1,ATTACK,1,0.5091989921798934,FTP-Patator,True
FTP-Patator,1,ATTACK,1,0.7526441748831099,FTP-Patator,True
FTP-Patator,1,ATTACK,1,0.7666099275238619,FTP-Patator,True
FTP-Patator,1,ATTACK,1,0.5142166912949376,FTP-Patator,True
FTP-Patator,1,ATTACK,1,0.5091663124413313,FTP-Patator,True
FTP-Patator,1,ATTACK,1,0.1125454763022303,FTP-Patator,True
FTP-Patator,1,ATTACK,1,0.8601091368528762,FTP-Patator,True
FTP-Patator,1,ATTACK,1,0.5041989921798934,FTP-Patator,True
FTP-Patator,1,ATTACK,1,0.5041989921798934,FTP-Patator,True
FTP-Patator,1,ATTACK,1,0.5091989921798934,FTP-Patator,True
FTP-Patator,1,ATTACK,1,0.5091989921798934,FTP-Patator,True
FTP-Patator,1,ATTACK,1,0.7542968020207806,FTP-Patator,True
FTP-Patator,1,ATTACK,1,0.6733351973643467,FTP-Patator,True
FTP-Patator,1,ATTACK,1,0.596299149072618,FTP-Patator,True
FTP-Patator,1,ATTACK,1,0.1125454763022303,FTP-Patator,True
FTP-Patator,1,ATTACK,1,0.5041989921798934,FTP-Patator,True
FTP-Patator,1,ATTACK,1,0.5041989921798934,FTP-Patator,True
FTP-Patator,1,ATTACK,1,0.8056087959907182,FTP-Patator,True
FTP-Patator,1,ATTACK,1,0.5091989921798934,FTP-Patator,True
FTP-Patator,1,ATTACK,1,0.5091989921798934,FTP-Patator,True
FTP-Patator,1,ATTACK,1,0.7280429939917932,FTP-Patator,True
FTP-Patator,1,ATTACK,1,0.7645172323793916,FTP-Patator,True
FTP-Patator,1,ATTACK,1,0.1125454763022303,FTP-Patator,True
FTP-Patator,1,ATTACK,1,0.5042023366614987,FTP-Patator,True
FTP-Patator,1,ATTACK,1,0.5042023366614988,FTP-Patator,True
FTP-Patator,1,ATTACK,1,0.8056087959907181,FTP-Patator,True
FTP-Patator,1,ATTACK,1,0.1179090199292418,FTP-Patator,True
FTP-Patator,1,ATTACK,1,0.6396160160459897,FTP-Patator,True
FTP-Patator,1,ATTACK,1,0.6322756707411146,FTP-Patator,True
FTP-Patator,1,ATTACK,1,0.4243493011238783,FTP-Patator,True
FTP-Patator,1,ATTACK,1,0.1179090199292418,FTP-Patator,True
FTP-Patator,1,ATTACK,1,0.5092166912949376,FTP-Patator,True
FTP-Patator,1,ATTACK,1,0.5092166912949376,FTP-Patator,True
FTP-Patator,1,ATTACK,1,0.5142166912949376,FTP-Patator,True
FTP-Patator,1,ATTACK,1,0.5092166912949376,FTP-Patator,True
FTP-Patator,1,ATTACK,1,0.5142166912949376,FTP-Patator,True
FTP-Patator,1,ATTACK,1,0.5142166912949376,FTP-Patator,True
FTP-Patator,1,ATTACK,1,0.7148255652115918,FTP-Patator,True
FTP-Patator,1,ATTACK,1,0.1125454763022303,FTP-Patator,True
FTP-Patator,1,ATTACK,1,0.5091989921798934,FTP-Patator,True
FTP-Patator,1,ATTACK,1,0.5091989921798934,FTP-Patator,True
FTP-Patator,1,ATTACK,1,0.1125454763022303,FTP-Patator,True
FTP-Patator,1,ATTACK,1,0.8155167787409008,FTP-Patator,True
FTP-Patator,1,ATTACK,1,0.5091989921798934,FTP-Patator,True
FTP-Patator,1,ATTACK,1,0.5091989921798934,FTP-Patator,True
FTP-Patator,1,ATTACK,1,0.3779440947722762,FTP-Patator,True
FTP-Patator,1,ATTACK,1,0.1125454763022303,FTP-Patator,True
FTP-Patator,1,ATTACK,1,0.1179090199292418,FTP-Patator,True
FTP-Patator,1,ATTACK,1,0.6322756707411145,FTP-Patator,True
FTP-Patator,1,ATTACK,1,0.1125454763022303,FTP-Patator,True
FTP-Patator,1,ATTACK,1,0.1125454763022303,FTP-Patator,True
SSH-Patator,1,ATTACK,1,0.7208782630797927,SSH-Patator,True
SSH-Patator,1,ATTACK,1,0.7466809811770255,SSH-Patator,True
SSH-Patator,1,ATTACK,1,0.730236982610368,SSH-Patator,True
SSH-Patator,1,ATTACK,1,0.7451536492770345,SSH-Patator,True
SSH-Patator,1,ATTACK,1,0.7515976478436923,SSH-Patator,True
SSH-Patator,1,ATTACK,1,0.7046340752590777,SSH-Patator,True
SSH-Patator,1,ATTACK,1,0.923803993730983,SSH-Patator,True
SSH-Patator,1,ATTACK,1,0.7426536492770346,SSH-Patator,True
SSH-Patator,1,ATTACK,1,0.9582211051581864,SSH-Patator,True
SSH-Patator,1,ATTACK,1,0.980727853437984,SSH-Patator,True
SSH-Patator,1,ATTACK,1,0.7145725722029248,SSH-Patator,True
SSH-Patator,1,ATTACK,1,0.7041559055362581,SSH-Patator,True
SSH-Patator,1,ATTACK,1,0.7149892388695914,SSH-Patator,True
SSH-Patator,1,ATTACK,1,0.6767778567557703,SSH-Patator,True
SSH-Patator,1,ATTACK,1,0.9431748684938396,SSH-Patator,True
SSH-Patator,1,ATTACK,1,0.9608385595408632,SSH-Patator,True
SSH-Patator,1,ATTACK,1,0.9608385595408632,SSH-Patator,True
SSH-Patator,1,ATTACK,1,0.7027480356596435,SSH-Patator,True
SSH-Patator,1,ATTACK,1,0.9517896957305604,SSH-Patator,True
SSH-Patator,1,ATTACK,1,0.7060508601475156,SSH-Patator,True
SSH-Patator,1,ATTACK,1,0.7110508601475157,SSH-Patator,True
SSH-Patator,1,ATTACK,1,0.7060508601475156,SSH-Patator,True
SSH-Patator,1,ATTACK,1,0.7077175268141823,SSH-Patator,True
SSH-Patator,1,ATTACK,1,0.7085508601475158,SSH-Patator,True
SSH-Patator,1,ATTACK,1,0.9538787410238556,SSH-Patator,True
SSH-Patator,1,ATTACK,1,0.9402655180224836,SSH-Patator,True
SSH-Patator,1,ATTACK,1,0.9810003552041964,SSH-Patator,True
SSH-Patator,1,ATTACK,1,0.9399267792148864,SSH-Patator,True
SSH-Patator,1,ATTACK,1,0.7060508601475156,SSH-Patator,True
SSH-Patator,1,ATTACK,1,0.7010508601475158,SSH-Patator,True
SSH-Patator,1,ATTACK,1,0.7010508601475156,SSH-Patator,True
SSH-Patator,1,ATTACK,1,0.7010508601475158,SSH-Patator,True
SSH-Patator,1,ATTACK,1,0.9766306582344996,SSH-Patator,True
SSH-Patator,1,ATTACK,1,0.9517301544841336,SSH-Patator,True
SSH-Patator,1,ATTACK,1,0.9497169770359536,SSH-Patator,True
SSH-Patator,1,ATTACK,1,0.9668890665713132,SSH-Patator,True
SSH-Patator,1,ATTACK,1,0.7010508601475156,SSH-Patator,True
SSH-Patator,1,ATTACK,1,0.952769493631551,SSH-Patator,True
SSH-Patator,1,ATTACK,1,0.7060508601475156,SSH-Patator,True
SSH-Patator,1,ATTACK,1,0.7010508601475158,SSH-Patator,True
SSH-Patator,1,ATTACK,1,0.7060508601475156,SSH-Patator,True
SSH-Patator,1,ATTACK,1,0.7110508601475156,SSH-Patator,True
SSH-Patator,1,ATTACK,1,0.7135508601475158,SSH-Patator,True
SSH-Patator,1,ATTACK,1,0.9470671232211024,SSH-Patator,True
SSH-Patator,1,ATTACK,1,0.9807278534379836,SSH-Patator,True
SSH-Patator,1,ATTACK,1,0.5723863554370209,SSH-Patator,True
SSH-Patator,1,ATTACK,1,0.9431748684938396,SSH-Patator,True
SSH-Patator,1,ATTACK,1,0.3436891772016073,SSH-Patator,True
SSH-Patator,1,ATTACK,1,0.7010508601475156,SSH-Patator,True
SSH-Patator,1,ATTACK,1,0.6960508601475158,SSH-Patator,True
SSH-Patator,1,ATTACK,1,0.6960508601475158,SSH-Patator,True
SSH-Patator,1,ATTACK,1,0.7035508601475158,SSH-Patator,True
SSH-Patator,1,ATTACK,1,0.9497169770359536,SSH-Patator,True
SSH-Patator,1,ATTACK,1,0.907519438624966,SSH-Patator,True
SSH-Patator,1,ATTACK,1,0.9759072256352932,SSH-Patator,True
SSH-Patator,1,ATTACK,1,0.9608385595408632,SSH-Patator,True
SSH-Patator,1,ATTACK,1,0.7010508601475158,SSH-Patator,True
SSH-Patator,1,ATTACK,1,0.9608385595408632,SSH-Patator,True
SSH-Patator,1,ATTACK,1,0.7035508601475157,SSH-Patator,True
SSH-Patator,1,ATTACK,1,0.7110508601475157,SSH-Patator,True
SSH-Patator,1,ATTACK,1,0.7110508601475156,SSH-Patator,True
SSH-Patator,1,ATTACK,1,0.7085508601475157,SSH-Patator,True
SSH-Patator,1,ATTACK,1,0.7060508601475157,SSH-Patator,True
SSH-Patator,1,ATTACK,1,0.9608385595408632,SSH-Patator,True
SSH-Patator,1,ATTACK,1,0.9608385595408632,SSH-Patator,True
SSH-Patator,1,ATTACK,1,0.7010508601475158,SSH-Patator,True
SSH-Patator,1,ATTACK,1,0.7060508601475156,SSH-Patator,True
SSH-Patator,1,ATTACK,1,0.7010508601475158,SSH-Patator,True
SSH-Patator,1,ATTACK,1,0.7060508601475157,SSH-Patator,True
SSH-Patator,1,ATTACK,1,0.923803993730983,SSH-Patator,True
SSH-Patator,1,ATTACK,1,0.9608385595408632,SSH-Patator,True
SSH-Patator,1,ATTACK,1,0.9582211051581864,SSH-Patator,True
SSH-Patator,1,ATTACK,1,0.3880659045743742,SSH-Patator,True
SSH-Patator,1,ATTACK,1,0.7010508601475158,SSH-Patator,True
SSH-Patator,1,ATTACK,1,0.9050257581254176,SSH-Patator,True
SSH-Patator,1,ATTACK,1,0.7060508601475157,SSH-Patator,True
SSH-Patator,1,ATTACK,1,0.7060508601475157,SSH-Patator,True
SSH-Patator,1,ATTACK,1,0.7010508601475156,SSH-Patator,True
SSH-Patator,1,ATTACK,1,0.7060508601475157,SSH-Patator,True
SSH-Patator,1,ATTACK,1,0.950158452634394,SSH-Patator,True
SSH-Patator,1,ATTACK,1,0.9608385595408636,SSH-Patator,True
SSH-Patator,1,ATTACK,1,0.907519438624966,SSH-Patator,True
SSH-Patator,1,ATTACK,1,0.7110508601475157,SSH-Patator,True
SSH-Patator,1,ATTACK,1,0.7010508601475156,SSH-Patator,True
SSH-Patator,1,ATTACK,1,0.9074560269356828,SSH-Patator,True
SSH-Patator,1,ATTACK,1,0.9579207059814212,SSH-Patator,True
SSH-Patator,1,ATTACK,1,0.706050860147516,SSH-Patator,True
SSH-Patator,1,ATTACK,1,0.7010508601475156,SSH-Patator,True
SSH-Patator,1,ATTACK,1,0.9766306582344996,SSH-Patator,True
SSH-Patator,1,ATTACK,1,0.7010508601475158,SSH-Patator,True
SSH-Patator,1,ATTACK,1,0.9608385595408632,SSH-Patator,True
SSH-Patator,1,ATTACK,1,0.9608385595408632,SSH-Patator,True
SSH-Patator,1,ATTACK,1,0.944250701134242,SSH-Patator,True
SSH-Patator,1,ATTACK,1,0.7010508601475156,SSH-Patator,True
SSH-Patator,1,ATTACK,1,0.9517301544841336,SSH-Patator,True
SSH-Patator,1,ATTACK,1,0.7010508601475156,SSH-Patator,True
SSH-Patator,1,ATTACK,1,0.7010508601475158,SSH-Patator,True
SSH-Patator,1,ATTACK,1,0.7035508601475158,SSH-Patator,True
SSH-Patator,1,ATTACK,1,0.7127175268141823,SSH-Patator,True
SSH-Patator,1,ATTACK,1,0.7010508601475158,SSH-Patator,True
SSH-Patator,1,ATTACK,1,0.6960508601475158,SSH-Patator,True
SSH-Patator,1,ATTACK,1,0.9238039937309828,SSH-Patator,True
SSH-Patator,1,ATTACK,1,0.9521666050997716,SSH-Patator,True
SSH-Patator,1,ATTACK,1,0.980727853437984,SSH-Patator,True
SSH-Patator,1,ATTACK,1,0.9517301544841336,SSH-Patator,True
SSH-Patator,1,ATTACK,1,0.9668890665713132,SSH-Patator,True
SSH-Patator,1,ATTACK,1,0.9646467618669704,SSH-Patator,True
SSH-Patator,1,ATTACK,1,0.7010508601475156,SSH-Patator,True
SSH-Patator,1,ATTACK,1,0.7010508601475156,SSH-Patator,True
SSH-Patator,1,ATTACK,1,0.7010508601475156,SSH-Patator,True
SSH-Patator,1,ATTACK,1,0.8482343115798575,SSH-Patator,True
SSH-Patator,1,ATTACK,1,0.923803993730983,SSH-Patator,True
SSH-Patator,1,ATTACK,1,0.9608385595408632,SSH-Patator,True
SSH-Patator,1,ATTACK,1,0.6960508601475158,SSH-Patator,True
SSH-Patator,1,ATTACK,1,0.9488726376405162,SSH-Patator,True
SSH-Patator,1,ATTACK,1,0.7060508601475156,SSH-Patator,True
SSH-Patator,1,ATTACK,1,0.7060508601475157,SSH-Patator,True
SSH-Patator,1,ATTACK,1,0.7060508601475156,SSH-Patator,True
SSH-Patator,1,ATTACK,1,0.7010508601475156,SSH-Patator,True
SSH-Patator,1,ATTACK,1,0.7010508601475156,SSH-Patator,True
SSH-Patator,1,ATTACK,1,0.7035508601475157,SSH-Patator,True
SSH-Patator,1,ATTACK,1,0.8647596981478333,SSH-Patator,True
SSH-Patator,1,ATTACK,1,0.9715314885056958,SSH-Patator,True
SSH-Patator,1,ATTACK,1,0.1274844782584155,SSH-Patator,True
SSH-Patator,1,ATTACK,1,0.9470671232211024,SSH-Patator,True
SSH-Patator,1,ATTACK,1,0.9390931419305752,SSH-Patator,True
SSH-Patator,1,ATTACK,1,0.9431748684938396,SSH-Patator,True
SSH-Patator,1,ATTACK,1,0.7010508601475158,SSH-Patator,True
SSH-Patator,1,ATTACK,1,0.7010508601475156,SSH-Patator,True
SSH-Patator,1,ATTACK,1,0.7010508601475158,SSH-Patator,True
SSH-Patator,1,ATTACK,1,0.9387791055513576,SSH-Patator,True
SSH-Patator,1,ATTACK,1,0.9501584526343944,SSH-Patator,True
SSH-Patator,1,ATTACK,1,0.9663173199609014,SSH-Patator,True
SSH-Patator,1,ATTACK,1,0.7010508601475158,SSH-Patator,True
SSH-Patator,1,ATTACK,1,0.8856080757489928,SSH-Patator,True
SSH-Patator,1,ATTACK,1,0.7010508601475158,SSH-Patator,True
SSH-Patator,1,ATTACK,1,0.706050860147516,SSH-Patator,True
SSH-Patator,1,ATTACK,1,0.7010508601475158,SSH-Patator,True
SSH-Patator,1,ATTACK,1,0.6960508601475158,SSH-Patator,True
SSH-Patator,1,ATTACK,1,0.7010508601475158,SSH-Patator,True
SSH-Patator,1,ATTACK,1,0.7010508601475156,SSH-Patator,True
SSH-Patator,1,ATTACK,1,0.9810003552041968,SSH-Patator,True
SSH-Patator,1,ATTACK,1,0.9557805727602054,SSH-Patator,True
SSH-Patator,1,ATTACK,1,0.9390931419305754,SSH-Patator,True
SSH-Patator,1,ATTACK,1,0.923803993730983,SSH-Patator,True
SSH-Patator,1,ATTACK,1,0.9608385595408636,SSH-Patator,True
SSH-Patator,1,ATTACK,1,0.6960508601475158,SSH-Patator,True
SSH-Patator,1,ATTACK,1,0.7060508601475156,SSH-Patator,True
SSH-Patator,1,ATTACK,1,0.7010508601475158,SSH-Patator,True
SSH-Patator,1,ATTACK,1,0.950158452634394,SSH-Patator,True
SSH-Patator,1,ATTACK,1,0.9579207059814212,SSH-Patator,True
SSH-Patator,1,ATTACK,1,0.9621863397049742,SSH-Patator,True
SSH-Patator,1,ATTACK,1,0.7010508601475158,SSH-Patator,True
SSH-Patator,1,ATTACK,1,0.953878741023856,SSH-Patator,True
SSH-Patator,1,ATTACK,1,0.7060508601475157,SSH-Patator,True
SSH-Patator,1,ATTACK,1,0.7010508601475158,SSH-Patator,True
SSH-Patator,1,ATTACK,1,0.7010508601475158,SSH-Patator,True
SSH-Patator,1,ATTACK,1,0.7010508601475156,SSH-Patator,True
SSH-Patator,1,ATTACK,1,0.7060508601475157,SSH-Patator,True
SSH-Patator,1,ATTACK,1,0.7010508601475158,SSH-Patator,True
SSH-Patator,1,ATTACK,1,0.9598434055610576,SSH-Patator,True
SSH-Patator,1,ATTACK,1,0.9387791055513576,SSH-Patator,True
SSH-Patator,1,ATTACK,1,0.9517142585841052,SSH-Patator,True
SSH-Patator,1,ATTACK,1,0.9557805727602056,SSH-Patator,True
SSH-Patator,1,ATTACK,1,0.9517896957305604,SSH-Patator,True
SSH-Patator,1,ATTACK,1,0.9538787410238558,SSH-Patator,True
SSH-Patator,1,ATTACK,1,0.7060508601475157,SSH-Patator,True
SSH-Patator,1,ATTACK,1,0.9582211051581864,SSH-Patator,True
SSH-Patator,1,ATTACK,1,0.6960508601475158,SSH-Patator,True
SSH-Patator,1,ATTACK,1,0.7060508601475157,SSH-Patator,True
SSH-Patator,1,ATTACK,1,0.9644113020508932,SSH-Patator,True
SSH-Patator,1,ATTACK,1,0.955879501817742,SSH-Patator,True
SSH-Patator,1,ATTACK,1,0.7010508601475156,SSH-Patator,True
SSH-Patator,1,ATTACK,1,0.9810003552041964,SSH-Patator,True
SSH-Patator,1,ATTACK,1,0.7035508601475158,SSH-Patator,True
SSH-Patator,1,ATTACK,1,0.9608385595408632,SSH-Patator,True
SSH-Patator,1,ATTACK,1,0.7010508601475156,SSH-Patator,True
SSH-Patator,1,ATTACK,1,0.7010508601475156,SSH-Patator,True
SSH-Patator,1,ATTACK,1,0.7010508601475156,SSH-Patator,True
SSH-Patator,1,ATTACK,1,0.7010508601475158,SSH-Patator,True
SSH-Patator,1,ATTACK,1,0.7035508601475157,SSH-Patator,True
SSH-Patator,1,ATTACK,1,0.9564392640393464,SSH-Patator,True
SSH-Patator,1,ATTACK,1,0.958221105158186,SSH-Patator,True
SSH-Patator,1,ATTACK,1,0.9470671232211024,SSH-Patator,True
SSH-Patator,1,ATTACK,1,0.9491041794297128,SSH-Patator,True
SSH-Patator,1,ATTACK,1,0.9387791055513576,SSH-Patator,True
SSH-Patator,1,ATTACK,1,0.7085508601475158,SSH-Patator,True
SSH-Patator,1,ATTACK,1,0.9557805727602054,SSH-Patator,True
SSH-Patator,1,ATTACK,1,0.7010508601475158,SSH-Patator,True
SSH-Patator,1,ATTACK,1,0.7010508601475156,SSH-Patator,True
SSH-Patator,1,ATTACK,1,0.7010508601475158,SSH-Patator,True
SSH-Patator,1,ATTACK,1,0.9387791055513576,SSH-Patator,True
SSH-Patator,1,ATTACK,1,0.9621863397049744,SSH-Patator,True
SSH-Patator,1,ATTACK,1,0.950158452634394,SSH-Patator,True
SSH-Patator,1,ATTACK,1,0.7010508601475158,SSH-Patator,True
SSH-Patator,1,ATTACK,1,0.7010508601475158,SSH-Patator,True
SSH-Patator,1,ATTACK,1,0.7010508601475158,SSH-Patator,True
SSH-Patator,1,ATTACK,1,0.7010508601475156,SSH-Patator,True
SSH-Patator,1,ATTACK,1,0.9608385595408632,SSH-Patator,True
SSH-Patator,1,ATTACK,1,0.9075194386249662,SSH-Patator,True
SSH-Patator,1,ATTACK,1,0.9682735116429222,SSH-Patator,True
SSH-Patator,1,ATTACK,1,0.9579207059814212,SSH-Patator,True
SSH-Patator,1,ATTACK,1,0.7010508601475156,SSH-Patator,True
SSH-Patator,1,ATTACK,1,0.7010508601475158,SSH-Patator,True
SSH-Patator,1,ATTACK,1,0.7010508601475156,SSH-Patator,True
SSH-Patator,1,ATTACK,1,0.955879501817742,SSH-Patator,True
SSH-Patator,1,ATTACK,1,0.9050257581254176,SSH-Patator,True
SSH-Patator,1,ATTACK,1,0.7010508601475156,SSH-Patator,True
SSH-Patator,1,ATTACK,1,0.7010508601475158,SSH-Patator,True
SSH-Patator,1,ATTACK,1,0.7010508601475158,SSH-Patator,True
SSH-Patator,1,ATTACK,1,0.9810003552041964,SSH-Patator,True
SSH-Patator,1,ATTACK,1,0.9810003552041968,SSH-Patator,True
SSH-Patator,1,ATTACK,1,0.9488726376405164,SSH-Patator,True
SSH-Patator,1,ATTACK,1,0.9598434055610574,SSH-Patator,True
SSH-Patator,1,ATTACK,1,0.7010508601475158,SSH-Patator,True
SSH-Patator,1,ATTACK,1,0.7060508601475157,SSH-Patator,True
SSH-Patator,1,ATTACK,1,0.7010508601475158,SSH-Patator,True
SSH-Patator,1,ATTACK,1,0.9488726376405162,SSH-Patator,True
SSH-Patator,1,ATTACK,1,0.9387114386665631,SSH-Patator,True
SSH-Patator,1,ATTACK,1,0.938760722306756,SSH-Patator,True
SSH-Patator,1,ATTACK,1,0.9377114386665631,SSH-Patator,True
SSH-Patator,1,ATTACK,1,0.8261667933100807,SSH-Patator,True
SSH-Patator,1,ATTACK,1,0.8979569858436101,SSH-Patator,True
SSH-Patator,1,ATTACK,1,0.9517896957305604,SSH-Patator,True
SSH-Patator,1,ATTACK,1,0.911977598245272,SSH-Patator,True
SSH-Patator,1,ATTACK,1,0.9735075883542308,SSH-Patator,True
SSH-Patator,1,ATTACK,1,0.6823522618869197,SSH-Patator,True
SSH-Patator,1,ATTACK,1,0.7010508601475158,SSH-Patator,True
SSH-Patator,1,ATTACK,1,0.7010508601475158,SSH-Patator,True
SSH-Patator,1,ATTACK,1,0.6985508601475157,SSH-Patator,True
SSH-Patator,1,ATTACK,1,0.9608385595408632,SSH-Patator,True
SSH-Patator,1,ATTACK,1,0.954806033261158,SSH-Patator,True
SSH-Patator,1,ATTACK,1,0.7035508601475157,SSH-Patator,True
SSH-Patator,1,ATTACK,1,0.7060508601475157,SSH-Patator,True
SSH-Patator,1,ATTACK,1,0.9644399581422618,SSH-Patator,True
SSH-Patator,1,ATTACK,1,0.9532029448618116,SSH-Patator,True
SSH-Patator,1,ATTACK,1,0.7010508601475156,SSH-Patator,True
SSH-Patator,1,ATTACK,1,0.7010508601475158,SSH-Patator,True
SSH-Patator,1,ATTACK,1,0.971531488505696,SSH-Patator,True
SSH-Patator,1,ATTACK,1,0.97647225437622,SSH-Patator,True
SSH-Patator,1,ATTACK,1,0.8482343115798574,SSH-Patator,True
SSH-Patator,1,ATTACK,1,0.7911799708077052,SSH-Patator,True
SSH-Patator,1,ATTACK,1,0.9564392640393464,SSH-Patator,True
SSH-Patator,1,ATTACK,1,0.9236119127829464,SSH-Patator,True
SSH-Patator,1,ATTACK,1,0.8761350472783345,SSH-Patator,True
SSH-Patator,1,ATTACK,1,0.7010508601475158,SSH-Patator,True
SSH-Patator,1,ATTACK,1,0.9608385595408632,SSH-Patator,True
SSH-Patator,1,ATTACK,1,0.946400445497088,SSH-Patator,True
SSH-Patator,1,ATTACK,1,0.7293782593669534,SSH-Patator,True
SSH-Patator,1,ATTACK,1,0.9716325883542308,SSH-Patator,True
SSH-Patator,1,ATTACK,1,0.7010508601475158,SSH-Patator,True
SSH-Patator,1,ATTACK,1,0.7010508601475158,SSH-Patator,True
SSH-Patator,1,ATTACK,1,0.7010508601475158,SSH-Patator,True
SSH-Patator,1,ATTACK,1,0.7010508601475158,SSH-Patator,True
SSH-Patator,1,ATTACK,1,0.8004808926161238,SSH-Patator,True
SSH-Patator,1,ATTACK,1,0.9608385595408632,SSH-Patator,True
SSH-Patator,1,ATTACK,1,0.7010508601475158,SSH-Patator,True
SSH-Patator,1,ATTACK,1,0.8482343115798574,SSH-Patator,True
SSH-Patator,1,ATTACK,1,0.9050257581254172,SSH-Patator,True
SSH-Patator,1,ATTACK,1,0.9766306582344996,SSH-Patator,True
SSH-Patator,1,ATTACK,1,0.8921632139377499,SSH-Patator,True
SSH-Patator,1,ATTACK,1,0.7398602057167057,SSH-Patator,True
SSH-Patator,1,ATTACK,1,0.9682672037388462,SSH-Patator,True
SSH-Patator,1,ATTACK,1,0.7035508601475157,SSH-Patator,True
SSH-Patator,1,ATTACK,1,0.7010508601475156,SSH-Patator,True
SSH-Patator,1,ATTACK,1,0.7060508601475156,SSH-Patator,True
SSH-Patator,1,ATTACK,1,0.6960508601475158,SSH-Patator,True
SSH-Patator,1,ATTACK,1,0.955879501817742,SSH-Patator,True
SSH-Patator,1,ATTACK,1,0.9558795018177416,SSH-Patator,True
SSH-Patator,1,ATTACK,1,0.9402655180224831,SSH-Patator,True
SSH-Patator,1,ATTACK,1,0.9764722543762197,SSH-Patator,True
SSH-Patator,1,ATTACK,1,0.6985508601475157,SSH-Patator,True
SSH-Patator,1,ATTACK,1,0.9353505370721796,SSH-Patator,True
SSH-Patator,1,ATTACK,1,0.9052558839627804,SSH-Patator,True
SSH-Patator,1,ATTACK,1,0.5754097722482762,SSH-Patator,True
SSH-Patator,1,ATTACK,1,0.976007588354231,SSH-Patator,True
SSH-Patator,1,ATTACK,1,0.4066977393206866,SSH-Patator,True
SSH-Patator,1,ATTACK,1,0.9735075883542308,SSH-Patator,True
SSH-Patator,1,ATTACK,1,0.9564392640393464,SSH-Patator,True
SSH-Patator,1,ATTACK,1,0.7179503698794744,SSH-Patator,True
SSH-Patator,1,ATTACK,1,0.9160671121637548,SSH-Patator,True
SSH-Patator,1,ATTACK,1,0.7010508601475158,SSH-Patator,True
SSH-Patator,1,ATTACK,1,0.6887840511759403,SSH-Patator,True
SSH-Patator,1,ATTACK,1,0.9735075883542312,SSH-Patator,True
SSH-Patator,1,ATTACK,1,0.7010508601475158,SSH-Patator,True
SSH-Patator,1,ATTACK,1,0.7010508601475158,SSH-Patator,True
SSH-Patator,1,ATTACK,1,0.7010508601475158,SSH-Patator,True
SSH-Patator,1,ATTACK,1,0.7010508601475156,SSH-Patator,True
SSH-Patator,1,ATTACK,1,0.6960508601475158,SSH-Patator,True
SSH-Patator,1,ATTACK,1,0.7010508601475158,SSH-Patator,True
SSH-Patator,1,ATTACK,1,0.7010508601475158,SSH-Patator,True
SSH-Patator,1,ATTACK,1,0.7010508601475158,SSH-Patator,True
SSH-Patator,1,ATTACK,1,0.9517896957305604,SSH-Patator,True
SSH-Patator,1,ATTACK,1,0.9114696406337204,SSH-Patator,True
SSH-Patator,1,ATTACK,1,0.9759072256352932,SSH-Patator,True
SSH-Patator,1,ATTACK,1,0.5723863554370208,SSH-Patator,True
SSH-Patator,1,ATTACK,1,0.8790641161780254,SSH-Patator,True
SSH-Patator,1,ATTACK,1,0.9756271347292615,SSH-Patator,True
SSH-Patator,1,ATTACK,1,0.9644399581422618,SSH-Patator,True
SSH-Patator,1,ATTACK,1,0.944250701134242,SSH-Patator,True
SSH-Patator,1,ATTACK,1,0.9682735116429224,SSH-Patator,True
SSH-Patator,1,ATTACK,1,0.9785075883542312,SSH-Patator,True
SSH-Patator,1,ATTACK,1,0.974757588354231,SSH-Patator,True
SSH-Patator,1,ATTACK,1,0.892922550629447,SSH-Patator,True
SSH-Patator,1,ATTACK,1,0.7010508601475156,SSH-Patator,True
SSH-Patator,1,ATTACK,1,0.7474907591163223,SSH-Patator,True
SSH-Patator,1,ATTACK,1,0.9189419969793964,SSH-Patator,True
SSH-Patator,1,ATTACK,1,0.9271391545050662,SSH-Patator,True
SSH-Patator,1,ATTACK,1,0.9685075883542308,SSH-Patator,True
SSH-Patator,1,ATTACK,1,0.6960508601475158,SSH-Patator,True
SSH-Patator,1,ATTACK,1,0.6960508601475158,SSH-Patator,True
SSH-Patator,1,ATTACK,1,0.6960508601475158,SSH-Patator,True
SSH-Patator,1,ATTACK,1,0.6960508601475158,SSH-Patator,True
SSH-Patator,1,ATTACK,1,0.6960508601475158,SSH-Patator,True
SSH-Patator,1,ATTACK,1,0.6960508601475156,SSH-Patator,True
SSH-Patator,1,ATTACK,1,0.6960508601475158,SSH-Patator,True
SSH-Patator,1,ATTACK,1,0.6960508601475156,SSH-Patator,True
SSH-Patator,1,ATTACK,1,0.6960508601475158,SSH-Patator,True
SSH-Patator,1,ATTACK,1,0.6523296052407477,SSH-Patator,True
SSH-Patator,1,ATTACK,1,0.6498498432028904,SSH-Patator,True
SSH-Patator,1,ATTACK,1,0.6864030393980685,SSH-Patator,True
SSH-Patator,1,ATTACK,1,0.5895340755722698,SSH-Patator,True
SSH-Patator,1,ATTACK,1,0.6133955009438387,SSH-Patator,True
SSH-Patator,1,ATTACK,1,0.8157633041410386,SSH-Patator,True
SSH-Patator,1,ATTACK,1,0.8441527763396499,SSH-Patator,True
SSH-Patator,1,ATTACK,1,0.8178333318952055,SSH-Patator,True
SSH-Patator,1,ATTACK,1,0.7961491893332222,SSH-Patator,True
SSH-Patator,1,ATTACK,1,0.8486666652285387,SSH-Patator,True
SSH-Patator,1,ATTACK,1,0.7853210782037385,SSH-Patator,True
SSH-Patator,1,ATTACK,1,0.734702084385765,SSH-Patator,True
SSH-Patator,1,ATTACK,1,0.9758749719444776,SSH-Patator,True
SSH-Patator,1,ATTACK,1,0.9682735116429222,SSH-Patator,True
SSH-Patator,1,ATTACK,1,0.9810003552041968,SSH-Patator,True
SSH-Patator,1,ATTACK,1,0.9810003552041968,SSH-Patator,True
SSH-Patator,1,ATTACK,1,0.971531488505696,SSH-Patator,True
SSH-Patator,1,ATTACK,1,0.9621863397049742,SSH-Patator,True
SSH-Patator,1,ATTACK,1,0.5914554231117937,SSH-Patator,True
SSH-Patator,1,ATTACK,1,0.567352836293934,SSH-Patator,True
SSH-Patator,1,ATTACK,1,0.949104179429713,SSH-Patator,True
SSH-Patator,1,ATTACK,1,0.9644399581422618,SSH-Patator,True
SSH-Patator,1,ATTACK,1,0.7289756189740043,SSH-Patator,True
SSH-Patator,1,ATTACK,1,0.7246006189740044,SSH-Patator,True
SSH-Patator,1,ATTACK,1,0.9538787410238558,SSH-Patator,True
SSH-Patator,1,ATTACK,1,0.971564349809275,SSH-Patator,True
SSH-Patator,1,ATTACK,1,0.7010508601475158,SSH-Patator,True
SSH-Patator,1,ATTACK,1,0.7035508601475158,SSH-Patator,True
SSH-Patator,1,ATTACK,1,0.7010508601475158,SSH-Patator,True
SSH-Patator,1,ATTACK,1,0.7010508601475158,SSH-Patator,True
SSH-Patator,1,ATTACK,1,0.971531488505696,SSH-Patator,True
SSH-Patator,1,ATTACK,1,0.928241601837263,SSH-Patator,True
SSH-Patator,1,ATTACK,1,0.9538787410238552,SSH-Patator,True
SSH-Patator,1,ATTACK,1,0.9517301544841336,SSH-Patator,True
SSH-Patator,1,ATTACK,1,0.7060508601475157,SSH-Patator,True
SSH-Patator,1,ATTACK,1,0.955879501817742,SSH-Patator,True
SSH-Patator,1,ATTACK,1,0.7010508601475158,SSH-Patator,True
SSH-Patator,1,ATTACK,1,0.7010508601475156,SSH-Patator,True
SSH-Patator,1,ATTACK,1,0.9598434055610576,SSH-Patator,True
SSH-Patator,1,ATTACK,1,0.7010508601475156,SSH-Patator,True
SSH-Patator,1,ATTACK,1,0.9557805727602056,SSH-Patator,True
SSH-Patator,1,ATTACK,1,0.9538787410238556,SSH-Patator,True
SSH-Patator,1,ATTACK,1,0.7010508601475158,SSH-Patator,True
SSH-Patator,1,ATTACK,1,0.7010508601475156,SSH-Patator,True
SSH-Patator,1,ATTACK,1,0.9682735116429224,SSH-Patator,True
SSH-Patator,1,ATTACK,1,0.9608385595408632,SSH-Patator,True
SSH-Patator,1,ATTACK,1,0.6960508601475156,SSH-Patator,True
SSH-Patator,1,ATTACK,1,0.6960508601475158,SSH-Patator,True
SSH-Patator,1,ATTACK,1,0.6960508601475158,SSH-Patator,True
SSH-Patator,1,ATTACK,1,0.6960508601475158,SSH-Patator,True
SSH-Patator,1,ATTACK,1,0.9598434055610574,SSH-Patator,True
SSH-Patator,1,ATTACK,1,0.9402655180224836,SSH-Patator,True
SSH-Patator,1,ATTACK,1,0.9668890665713132,SSH-Patator,True
SSH-Patator,1,ATTACK,1,0.9608385595408632,SSH-Patator,True
SSH-Patator,1,ATTACK,1,0.6985508601475157,SSH-Patator,True
SSH-Patator,1,ATTACK,1,0.7010508601475158,SSH-Patator,True
SSH-Patator,1,ATTACK,1,0.949104179429713,SSH-Patator,True
SSH-Patator,1,ATTACK,1,0.955879501817742,SSH-Patator,True
SSH-Patator,1,ATTACK,1,0.7010508601475158,SSH-Patator,True
SSH-Patator,1,ATTACK,1,0.7010508601475158,SSH-Patator,True
SSH-Patator,1,ATTACK,1,0.956237196001486,SSH-Patator,True
SSH-Patator,1,ATTACK,1,0.9390931419305756,SSH-Patator,True
SSH-Patator,1,ATTACK,1,0.7060508601475157,SSH-Patator,True
SSH-Patator,1,ATTACK,1,0.7010508601475158,SSH-Patator,True
SSH-Patator,1,ATTACK,1,0.7433288132667074,SSH-Patator,True
SSH-Patator,1,ATTACK,1,0.9708342353209776,SSH-Patator,True
SSH-Patator,1,ATTACK,1,0.7010508601475158,SSH-Patator,True
SSH-Patator,1,ATTACK,1,0.6960508601475156,SSH-Patator,True
SSH-Patator,1,ATTACK,1,0.6960508601475158,SSH-Patator,True
SSH-Patator,1,ATTACK,1,0.7010508601475158,SSH-Patator,True
SSH-Patator,1,ATTACK,1,0.9557805727602052,SSH-Patator,True
SSH-Patator,1,ATTACK,1,0.944250701134242,SSH-Patator,True
SSH-Patator,1,ATTACK,1,0.9050257581254176,SSH-Patator,True
SSH-Patator,1,ATTACK,1,0.9682735116429224,SSH-Patator,True
SSH-Patator,1,ATTACK,1,0.7010508601475158,SSH-Patator,True
SSH-Patator,1,ATTACK,1,0.7010508601475156,SSH-Patator,True
SSH-Patator,1,ATTACK,1,0.7010508601475158,SSH-Patator,True
SSH-Patator,1,ATTACK,1,0.9282416018372628,SSH-Patator,True
SSH-Patator,1,ATTACK,1,0.9598434055610574,SSH-Patator,True
SSH-Patator,1,ATTACK,1,0.7010508601475158,SSH-Patator,True
SSH-Patator,1,ATTACK,1,0.9644399581422618,SSH-Patator,True
SSH-Patator,1,ATTACK,1,0.9608385595408632,SSH-Patator,True
SSH-Patator,1,ATTACK,1,0.6960508601475158,SSH-Patator,True
SSH-Patator,1,ATTACK,1,0.7010508601475158,SSH-Patator,True
SSH-Patator,1,ATTACK,1,0.952769493631551,SSH-Patator,True
SSH-Patator,1,ATTACK,1,0.9387791055513576,SSH-Patator,True
SSH-Patator,1,ATTACK,1,0.7035508601475158,SSH-Patator,True
SSH-Patator,1,ATTACK,1,0.7010508601475158,SSH-Patator,True
SSH-Patator,1,ATTACK,1,0.6960508601475158,SSH-Patator,True
SSH-Patator,1,ATTACK,1,0.6960508601475156,SSH-Patator,True
SSH-Patator,1,ATTACK,1,0.6960508601475158,SSH-Patator,True
SSH-Patator,1,ATTACK,1,0.6960508601475158,SSH-Patator,True
SSH-Patator,1,ATTACK,1,0.9282416018372628,SSH-Patator,True
SSH-Patator,1,ATTACK,1,0.964411302050893,SSH-Patator,True
SSH-Patator,1,ATTACK,1,0.9532029448618118,SSH-Patator,True
SSH-Patator,1,ATTACK,1,0.9050257581254176,SSH-Patator,True
SSH-Patator,1,ATTACK,1,0.9682735116429224,SSH-Patator,True
SSH-Patator,1,ATTACK,1,0.9387791055513576,SSH-Patator,True
SSH-Patator,1,ATTACK,1,0.7010508601475158,SSH-Patator,True
SSH-Patator,1,ATTACK,1,0.7010508601475158,SSH-Patator,True
SSH-Patator,1,ATTACK,1,0.7010508601475156,SSH-Patator,True
SSH-Patator,1,ATTACK,1,0.7010508601475158,SSH-Patator,True
SSH-Patator,1,ATTACK,1,0.9399267792148864,SSH-Patator,True
SSH-Patator,1,ATTACK,1,0.9497169770359536,SSH-Patator,True
SSH-Patator,1,ATTACK,1,0.9521666050997716,SSH-Patator,True
SSH-Patator,1,ATTACK,1,0.7060508601475157,SSH-Patator,True
SSH-Patator,1,ATTACK,1,0.7010508601475158,SSH-Patator,True
SSH-Patator,1,ATTACK,1,0.7010508601475158,SSH-Patator,True
SSH-Patator,1,ATTACK,1,0.9608385595408632,SSH-Patator,True
SSH-Patator,1,ATTACK,1,0.9050257581254176,SSH-Patator,True
SSH-Patator,1,ATTACK,1,0.9766306582344996,SSH-Patator,True
SSH-Patator,1,ATTACK,1,0.7060508601475157,SSH-Patator,True
SSH-Patator,1,ATTACK,1,0.7010508601475156,SSH-Patator,True
SSH-Patator,1,ATTACK,1,0.7010508601475158,SSH-Patator,True
SSH-Patator,1,ATTACK,1,0.7010508601475158,SSH-Patator,True
SSH-Patator,1,ATTACK,1,0.7010508601475156,SSH-Patator,True
SSH-Patator,1,ATTACK,1,0.7060508601475157,SSH-Patator,True
SSH-Patator,1,ATTACK,1,0.6960508601475156,SSH-Patator,True
SSH-Patator,1,ATTACK,1,0.952769493631551,SSH-Patator,True
SSH-Patator,1,ATTACK,1,0.9532029448618118,SSH-Patator,True
SSH-Patator,1,ATTACK,1,0.950158452634394,SSH-Patator,True
SSH-Patator,1,ATTACK,1,0.8482343115798575,SSH-Patator,True
SSH-Patator,1,ATTACK,1,0.9715314885056958,SSH-Patator,True
SSH-Patator,1,ATTACK,1,0.9544961295044476,SSH-Patator,True
SSH-Patator,1,ATTACK,1,0.9766306582344996,SSH-Patator,True
SSH-Patator,1,ATTACK,1,0.7202175268141822,SSH-Patator,True
SSH-Patator,1,ATTACK,1,0.7110508601475157,SSH-Patator,True
SSH-Patator,1,ATTACK,1,0.7085508601475158,SSH-Patator,True
SSH-Patator,1,ATTACK,1,0.956237196001486,SSH-Patator,True
SSH-Patator,1,ATTACK,1,0.955879501817742,SSH-Patator,True
SSH-Patator,1,ATTACK,1,0.9387791055513576,SSH-Patator,True
SSH-Patator,1,ATTACK,1,0.7010508601475158,SSH-Patator,True
SSH-Patator,1,ATTACK,1,0.7010508601475156,SSH-Patator,True
SSH-Patator,1,ATTACK,1,0.6960508601475158,SSH-Patator,True
SSH-Patator,1,ATTACK,1,0.6960508601475158,SSH-Patator,True
SSH-Patator,1,ATTACK,1,0.6960508601475156,SSH-Patator,True
SSH-Patator,1,ATTACK,1,0.7010508601475158,SSH-Patator,True
SSH-Patator,1,ATTACK,1,0.7060508601475156,SSH-Patator,True
SSH-Patator,1,ATTACK,1,0.952769493631551,SSH-Patator,True
SSH-Patator,1,ATTACK,1,0.9759072256352932,SSH-Patator,True
SSH-Patator,1,ATTACK,1,0.9608385595408632,SSH-Patator,True
SSH-Patator,1,ATTACK,1,0.615013523051062,SSH-Patator,True
SSH-Patator,1,ATTACK,1,0.9517896957305604,SSH-Patator,True
SSH-Patator,1,ATTACK,1,0.9497169770359536,SSH-Patator,True
SSH-Patator,1,ATTACK,1,0.9517301544841336,SSH-Patator,True
SSH-Patator,1,ATTACK,1,0.7010508601475158,SSH-Patator,True
SSH-Patator,1,ATTACK,1,0.7035508601475159,SSH-Patator,True
SSH-Patator,1,ATTACK,1,0.7010508601475158,SSH-Patator,True
SSH-Patator,1,ATTACK,1,0.7010508601475156,SSH-Patator,True
SSH-Patator,1,ATTACK,1,0.7010508601475156,SSH-Patator,True
SSH-Patator,1,ATTACK,1,0.6960508601475158,SSH-Patator,True
SSH-Patator,1,ATTACK,1,0.7035508601475158,SSH-Patator,True
SSH-Patator,1,ATTACK,1,0.7010508601475158,SSH-Patator,True
SSH-Patator,1,ATTACK,1,0.7010508601475158,SSH-Patator,True
SSH-Patator,1,ATTACK,1,0.7060508601475157,SSH-Patator,True
SSH-Patator,1,ATTACK,1,0.9050257581254172,SSH-Patator,True
SSH-Patator,1,ATTACK,1,0.9608385595408632,SSH-Patator,True
SSH-Patator,1,ATTACK,1,0.9758749719444776,SSH-Patator,True
SSH-Patator,1,ATTACK,1,0.9682735116429224,SSH-Patator,True
SSH-Patator,1,ATTACK,1,0.8661729268270676,SSH-Patator,True
SSH-Patator,1,ATTACK,1,0.9238039937309828,SSH-Patator,True
SSH-Patator,1,ATTACK,1,0.9608385595408632,SSH-Patator,True
SSH-Patator,1,ATTACK,1,0.9060560127937092,SSH-Patator,True
SSH-Patator,1,ATTACK,1,0.89216321393775,SSH-Patator,True
SSH-Patator,1,ATTACK,1,0.7060508601475157,SSH-Patator,True
SSH-Patator,1,ATTACK,1,0.7010508601475156,SSH-Patator,True
SSH-Patator,1,ATTACK,1,0.6960508601475158,SSH-Patator,True
SSH-Patator,1,ATTACK,1,0.706050860147516,SSH-Patator,True
SSH-Patator,1,ATTACK,1,0.7035508601475157,SSH-Patator,True
SSH-Patator,1,ATTACK,1,0.7010508601475158,SSH-Patator,True
SSH-Patator,1,ATTACK,1,0.6960508601475159,SSH-Patator,True
SSH-Patator,1,ATTACK,1,0.7035508601475158,SSH-Patator,True
SSH-Patator,1,ATTACK,1,0.7010508601475156,SSH-Patator,True
SSH-Patator,1,ATTACK,1,0.6960508601475156,SSH-Patator,True
SSH-Patator,1,ATTACK,1,0.9608385595408632,SSH-Patator,True
SSH-Patator,1,ATTACK,1,0.9608385595408632,SSH-Patator,True
SSH-Patator,1,ATTACK,1,0.9621863397049744,SSH-Patator,True
SSH-Patator,1,ATTACK,1,0.8979569858436102,SSH-Patator,True
SSH-Patator,1,ATTACK,1,0.9282416018372628,SSH-Patator,True
SSH-Patator,1,ATTACK,1,0.9760967058970004,SSH-Patator,True
SSH-Patator,1,ATTACK,1,0.980727853437984,SSH-Patator,True
SSH-Patator,1,ATTACK,1,0.950158452634394,SSH-Patator,True
DoS slowloris,1,ATTACK,1,0.3765694954862944,Web_Attack,True
DoS slowloris,1,ATTACK,1,0.8581613714050288,DoS Hulk,True
DoS slowloris,1,ATTACK,1,0.4536736551515278,Web_Attack,True
DoS slowloris,1,ATTACK,1,0.327569254436505,Web_Attack,True
DoS slowloris,1,ATTACK,1,0.8778636122140197,DoS Hulk,True
DoS slowloris,1,ATTACK,1,0.4674236551515279,Web_Attack,True
DoS slowloris,1,ATTACK,1,0.9161168830902036,DoS slowloris,True
DoS slowloris,1,ATTACK,1,0.9161168830902032,DoS slowloris,True
DoS slowloris,1,ATTACK,1,0.9161168830902036,DoS slowloris,True
DoS slowloris,1,ATTACK,1,0.90328354975687,DoS slowloris,True
DoS slowloris,1,ATTACK,1,0.9227113703751714,DoS slowloris,True
DoS slowloris,1,ATTACK,1,0.9427113703751714,DoS slowloris,True
DoS slowloris,1,ATTACK,1,0.9547947037085046,DoS slowloris,True
DoS slowloris,1,ATTACK,1,0.9460447037085048,DoS slowloris,True
DoS slowloris,1,ATTACK,1,0.9645447037085048,DoS slowloris,True
DoS slowloris,1,ATTACK,1,0.9645447037085044,DoS slowloris,True
DoS slowloris,1,ATTACK,1,0.9645447037085044,DoS slowloris,True
DoS slowloris,1,ATTACK,1,0.9645447037085044,DoS slowloris,True
DoS slowloris,1,ATTACK,1,0.9645447037085044,DoS slowloris,True
DoS slowloris,1,ATTACK,1,0.9645447037085044,DoS slowloris,True
DoS slowloris,1,ATTACK,1,0.9645447037085048,DoS slowloris,True
DoS slowloris,1,ATTACK,1,0.9645447037085044,DoS slowloris,True
DoS slowloris,1,ATTACK,1,0.9645447037085044,DoS slowloris,True
DoS slowloris,1,ATTACK,1,0.9677589894227904,DoS slowloris,True
DoS slowloris,1,ATTACK,1,0.9677589894227904,DoS slowloris,True
DoS slowloris,1,ATTACK,1,0.9677589894227904,DoS slowloris,True
DoS slowloris,1,ATTACK,1,0.9677589894227904,DoS slowloris,True
DoS slowloris,1,ATTACK,1,0.9677589894227904,DoS slowloris,True
DoS slowloris,1,ATTACK,1,0.9677589894227904,DoS slowloris,True
DoS slowloris,1,ATTACK,1,0.9677589894227904,DoS slowloris,True
DoS slowloris,1,ATTACK,1,0.9677589894227904,DoS slowloris,True
DoS slowloris,1,ATTACK,1,0.9677589894227904,DoS slowloris,True
DoS slowloris,1,ATTACK,1,0.9677589894227904,DoS slowloris,True
DoS slowloris,1,ATTACK,1,0.9677589894227904,DoS slowloris,True
DoS slowloris,1,ATTACK,1,0.9677589894227904,DoS slowloris,True
DoS slowloris,1,ATTACK,1,0.9677589894227904,DoS slowloris,True
DoS slowloris,1,ATTACK,1,0.9677589894227904,DoS slowloris,True
DoS slowloris,1,ATTACK,1,0.9677589894227904,DoS slowloris,True
DoS slowloris,1,ATTACK,1,0.9645447037085044,DoS slowloris,True
DoS slowloris,1,ATTACK,1,0.9677589894227904,DoS slowloris,True
DoS slowloris,1,ATTACK,1,0.9573423227561236,DoS slowloris,True
DoS slowloris,1,ATTACK,1,0.9677589894227904,DoS slowloris,True
DoS slowloris,1,ATTACK,1,0.9677589894227904,DoS slowloris,True
DoS slowloris,1,ATTACK,1,0.9677589894227904,DoS slowloris,True
DoS slowloris,1,ATTACK,1,0.9677589894227904,DoS slowloris,True
DoS slowloris,1,ATTACK,1,0.9677589894227904,DoS slowloris,True
DoS slowloris,1,ATTACK,1,0.9648423227561236,DoS slowloris,True
DoS slowloris,1,ATTACK,1,0.9677589894227904,DoS slowloris,True
DoS slowloris,1,ATTACK,1,0.9677589894227904,DoS slowloris,True
DoS slowloris,1,ATTACK,1,0.9677589894227904,DoS slowloris,True
DoS slowloris,1,ATTACK,1,0.9677589894227904,DoS slowloris,True
DoS slowloris,1,ATTACK,1,0.9677589894227904,DoS slowloris,True
DoS slowloris,1,ATTACK,1,0.9677589894227904,DoS slowloris,True
DoS slowloris,1,ATTACK,1,0.9677589894227904,DoS slowloris,True
DoS slowloris,1,ATTACK,1,0.9677589894227904,DoS slowloris,True
DoS slowloris,1,ATTACK,1,0.9677589894227904,DoS slowloris,True
DoS slowloris,1,ATTACK,1,0.9652589894227904,DoS slowloris,True
DoS slowloris,1,ATTACK,1,0.9652589894227904,DoS slowloris,True
DoS slowloris,1,ATTACK,1,0.9677589894227904,DoS slowloris,True
DoS slowloris,1,ATTACK,1,0.9677589894227904,DoS slowloris,True
DoS slowloris,1,ATTACK,1,0.9677589894227904,DoS slowloris,True
DoS slowloris,1,ATTACK,1,0.9677589894227904,DoS slowloris,True
DoS slowloris,1,ATTACK,1,0.9677589894227904,DoS slowloris,True
DoS slowloris,1,ATTACK,1,0.9677589894227904,DoS slowloris,True
DoS slowloris,1,ATTACK,1,0.9677589894227904,DoS slowloris,True
DoS slowloris,1,ATTACK,1,0.9677589894227904,DoS slowloris,True
DoS slowloris,1,ATTACK,1,0.9677589894227904,DoS slowloris,True
DoS slowloris,1,ATTACK,1,0.9677589894227904,DoS slowloris,True
DoS slowloris,1,ATTACK,1,0.9677589894227904,DoS slowloris,True
DoS slowloris,1,ATTACK,1,0.9677589894227904,DoS slowloris,True
DoS slowloris,1,ATTACK,1,0.9673423227561238,DoS slowloris,True
DoS slowloris,1,ATTACK,1,0.9677589894227904,DoS slowloris,True
DoS slowloris,1,ATTACK,1,0.9677589894227904,DoS slowloris,True
DoS slowloris,1,ATTACK,1,0.9677589894227904,DoS slowloris,True
DoS slowloris,1,ATTACK,1,0.9677589894227904,DoS slowloris,True
DoS slowloris,1,ATTACK,1,0.9677589894227904,DoS slowloris,True
DoS slowloris,1,ATTACK,1,0.9652589894227904,DoS slowloris,True
DoS slowloris,1,ATTACK,1,0.8992694793140796,DoS slowloris,True
DoS slowloris,1,ATTACK,1,0.9677589894227904,DoS slowloris,True
DoS slowloris,1,ATTACK,1,0.9677589894227904,DoS slowloris,True
DoS slowloris,1,ATTACK,1,0.9677589894227904,DoS slowloris,True
DoS slowloris,1,ATTACK,1,0.9677589894227904,DoS slowloris,True
DoS slowloris,1,ATTACK,1,0.9677589894227904,DoS slowloris,True
DoS slowloris,1,ATTACK,1,0.9677589894227904,DoS slowloris,True
DoS slowloris,1,ATTACK,1,0.9677589894227904,DoS slowloris,True
DoS slowloris,1,ATTACK,1,0.9677589894227904,DoS slowloris,True
DoS slowloris,1,ATTACK,1,0.9677589894227904,DoS slowloris,True
DoS slowloris,1,ATTACK,1,0.9677589894227904,DoS slowloris,True
DoS slowloris,1,ATTACK,1,0.9677589894227904,DoS slowloris,True
DoS slowloris,1,ATTACK,1,0.9673423227561238,DoS slowloris,True
DoS slowloris,1,ATTACK,1,0.9677589894227904,DoS slowloris,True
DoS slowloris,1,ATTACK,1,0.9677589894227904,DoS slowloris,True
DoS slowloris,1,ATTACK,1,0.9677589894227904,DoS slowloris,True
DoS slowloris,1,ATTACK,1,0.9677589894227904,DoS slowloris,True
DoS slowloris,1,ATTACK,1,0.9677589894227904,DoS slowloris,True
DoS slowloris,1,ATTACK,1,0.9677589894227904,DoS slowloris,True
DoS slowloris,1,ATTACK,1,0.9677589894227904,DoS slowloris,True
DoS slowloris,1,ATTACK,1,0.9677589894227904,DoS slowloris,True
DoS slowloris,1,ATTACK,1,0.9679202797453708,DoS slowloris,True
DoS slowloris,1,ATTACK,1,0.9679202797453712,DoS slowloris,True
DoS slowloris,1,ATTACK,1,0.9679202797453708,DoS slowloris,True
DoS slowloris,1,ATTACK,1,0.9679202797453708,DoS slowloris,True
DoS slowloris,1,ATTACK,1,0.9679202797453708,DoS slowloris,True
DoS slowloris,1,ATTACK,1,0.9679202797453708,DoS slowloris,True
DoS slowloris,1,ATTACK,1,0.9679202797453708,DoS slowloris,True
DoS slowloris,1,ATTACK,1,0.9679202797453712,DoS slowloris,True
DoS slowloris,1,ATTACK,1,0.9679202797453708,DoS slowloris,True
DoS slowloris,1,ATTACK,1,0.9679202797453708,DoS slowloris,True
DoS slowloris,1,ATTACK,1,0.9679202797453708,DoS slowloris,True
DoS slowloris,1,ATTACK,1,0.9679202797453712,DoS slowloris,True
DoS slowloris,1,ATTACK,1,0.9654202797453708,DoS slowloris,True
DoS slowloris,1,ATTACK,1,0.9654202797453708,DoS slowloris,True
DoS slowloris,1,ATTACK,1,0.965420279745371,DoS slowloris,True
DoS slowloris,1,ATTACK,1,0.9679202797453712,DoS slowloris,True
DoS slowloris,1,ATTACK,1,0.9679202797453712,DoS slowloris,True
DoS slowloris,1,ATTACK,1,0.9679202797453708,DoS slowloris,True
DoS slowloris,1,ATTACK,1,0.965420279745371,DoS slowloris,True
DoS slowloris,1,ATTACK,1,0.9590869464120376,DoS slowloris,True
DoS slowloris,1,ATTACK,1,0.9679202797453708,DoS slowloris,True
DoS slowloris,1,ATTACK,1,0.9654202797453708,DoS slowloris,True
DoS slowloris,1,ATTACK,1,0.9679202797453708,DoS slowloris,True
DoS slowloris,1,ATTACK,1,0.9679202797453708,DoS slowloris,True
DoS slowloris,1,ATTACK,1,0.9636702797453712,DoS slowloris,True
DoS slowloris,1,ATTACK,1,0.9636702797453712,DoS slowloris,True
DoS slowloris,1,ATTACK,1,0.9636702797453712,DoS slowloris,True
DoS slowloris,1,ATTACK,1,0.9636702797453712,DoS slowloris,True
DoS slowloris,1,ATTACK,1,0.967670279745371,DoS slowloris,True
DoS slowloris,1,ATTACK,1,0.967670279745371,DoS slowloris,True
DoS slowloris,1,ATTACK,1,0.967670279745371,DoS slowloris,True
DoS slowloris,1,ATTACK,1,0.9588369464120378,DoS slowloris,True
DoS slowloris,1,ATTACK,1,0.967670279745371,DoS slowloris,True
DoS slowloris,1,ATTACK,1,0.967670279745371,DoS slowloris,True
DoS slowloris,1,ATTACK,1,0.967670279745371,DoS slowloris,True
DoS slowloris,1,ATTACK,1,0.965170279745371,DoS slowloris,True
DoS slowloris,1,ATTACK,1,0.965170279745371,DoS slowloris,True
DoS slowloris,1,ATTACK,1,0.9651702797453712,DoS slowloris,True
DoS slowloris,1,ATTACK,1,0.956336946412038,DoS slowloris,True
DoS slowloris,1,ATTACK,1,0.962670279745371,DoS slowloris,True
DoS slowloris,1,ATTACK,1,0.965170279745371,DoS slowloris,True
DoS slowloris,1,ATTACK,1,0.965170279745371,DoS slowloris,True
DoS slowloris,1,ATTACK,1,0.9651702797453712,DoS slowloris,True
DoS slowloris,1,ATTACK,1,0.962670279745371,DoS slowloris,True
DoS slowloris,1,ATTACK,1,0.9507536130787044,DoS slowloris,True
DoS slowloris,1,ATTACK,1,0.7335803962542741,DoS slowloris,True
DoS slowloris,1,ATTACK,1,0.9572256563449736,DoS slowloris,True
DoS slowloris,1,ATTACK,1,0.9748580436891452,DoS slowloris,True
DoS slowloris,1,ATTACK,1,0.9756913770224788,DoS slowloris,True
DoS slowloris,1,ATTACK,1,0.9672256563449736,DoS slowloris,True
DoS slowloris,1,ATTACK,1,0.3371278967964198,DoS slowloris,True
DoS slowloris,1,ATTACK,1,0.3371278967964197,DoS slowloris,True
DoS slowloris,1,ATTACK,1,0.3371278967964198,DoS slowloris,True
DoS slowloris,1,ATTACK,1,0.3371278967964197,DoS slowloris,True
DoS slowloris,1,ATTACK,1,0.3371278967964198,DoS slowloris,True
DoS slowloris,1,ATTACK,1,0.3371278967964198,DoS slowloris,True
DoS slowloris,1,ATTACK,1,0.3371278967964198,DoS slowloris,True
DoS slowloris,1,ATTACK,1,0.3371278967964198,DoS slowloris,True
DoS slowloris,1,ATTACK,1,0.3371278967964198,DoS slowloris,True
DoS slowloris,1,ATTACK,1,0.3371278967964198,DoS slowloris,True
DoS slowloris,1,ATTACK,1,0.3371278967964198,DoS slowloris,True
DoS slowloris,1,ATTACK,1,0.3371278967964198,DoS slowloris,True
DoS slowloris,1,ATTACK,1,0.3371278967964198,DoS slowloris,True
DoS slowloris,1,ATTACK,1,0.3371278967964198,DoS slowloris,True
DoS slowloris,1,ATTACK,1,0.3371278967964198,DoS slowloris,True
DoS slowloris,1,ATTACK,1,0.3371278967964198,DoS slowloris,True
DoS slowloris,1,ATTACK,1,0.3371278967964198,DoS slowloris,True
DoS slowloris,1,ATTACK,1,0.3371278967964198,DoS slowloris,True
DoS slowloris,1,ATTACK,1,0.3371278967964198,DoS slowloris,True
DoS slowloris,1,ATTACK,1,0.3371278967964198,DoS slowloris,True
DoS slowloris,1,ATTACK,1,0.3371278967964198,DoS slowloris,True
DoS slowloris,1,ATTACK,1,0.3371278967964198,DoS slowloris,True
DoS slowloris,1,ATTACK,1,0.3371278967964197,DoS slowloris,True
DoS slowloris,1,ATTACK,1,0.3371278967964198,DoS slowloris,True
DoS slowloris,1,ATTACK,1,0.3371278967964198,DoS slowloris,True
DoS slowloris,1,ATTACK,1,0.3346278967964198,DoS slowloris,True
DoS slowloris,1,ATTACK,1,0.3346278967964197,DoS slowloris,True
DoS slowloris,1,ATTACK,1,0.2811345554592918,DoS slowloris,True
DoS slowloris,1,ATTACK,1,0.2811345554592917,DoS slowloris,True
DoS slowloris,1,ATTACK,1,0.2811345554592917,DoS slowloris,True
DoS slowloris,1,ATTACK,1,0.2811345554592917,DoS slowloris,True
DoS slowloris,1,ATTACK,1,0.2811345554592918,DoS slowloris,True
DoS slowloris,1,ATTACK,1,0.2811345554592918,DoS slowloris,True
DoS slowloris,1,ATTACK,1,0.2811345554592917,DoS slowloris,True
DoS slowloris,1,ATTACK,1,0.2811345554592917,DoS slowloris,True
DoS slowloris,1,ATTACK,1,0.2811345554592917,DoS slowloris,True
DoS slowloris,1,ATTACK,1,0.2811345554592918,DoS slowloris,True
DoS slowloris,1,ATTACK,1,0.2811345554592917,DoS slowloris,True
DoS slowloris,1,ATTACK,1,0.2811345554592917,DoS slowloris,True
DoS slowloris,1,ATTACK,1,0.2811345554592917,DoS slowloris,True
DoS slowloris,1,ATTACK,1,0.2044252035545745,DoS slowloris,True
DoS slowloris,1,ATTACK,1,0.3471007249117733,DoS slowloris,True
DoS slowloris,1,ATTACK,1,0.6035094524197954,DoS slowloris,True
DoS slowloris,1,ATTACK,1,0.335319722818504,DoS slowloris,True
DoS slowloris,1,ATTACK,1,0.335319722818504,DoS slowloris,True
DoS slowloris,1,ATTACK,1,0.335319722818504,DoS slowloris,True
DoS slowloris,1,ATTACK,1,0.335319722818504,DoS slowloris,True
DoS slowloris,1,ATTACK,1,0.335319722818504,DoS slowloris,True
DoS slowloris,1,ATTACK,1,0.335319722818504,DoS slowloris,True
DoS slowloris,1,ATTACK,1,0.335319722818504,DoS slowloris,True
DoS slowloris,1,ATTACK,1,0.3353197228185039,DoS slowloris,True
DoS slowloris,1,ATTACK,1,0.3353197228185039,DoS slowloris,True
DoS slowloris,1,ATTACK,1,0.3353197228185039,DoS slowloris,True
DoS slowloris,1,ATTACK,1,0.335319722818504,DoS slowloris,True
DoS slowloris,1,ATTACK,1,0.3353197228185039,DoS slowloris,True
DoS slowloris,1,ATTACK,1,0.3353197228185039,DoS slowloris,True
DoS slowloris,1,ATTACK,1,0.335319722818504,DoS slowloris,True
DoS slowloris,1,ATTACK,1,0.3353197228185039,DoS slowloris,True
DoS slowloris,1,ATTACK,1,0.3353197228185039,DoS slowloris,True
DoS slowloris,1,ATTACK,1,0.335319722818504,DoS slowloris,True
DoS slowloris,1,ATTACK,1,0.335319722818504,DoS slowloris,True
DoS slowloris,1,ATTACK,1,0.335319722818504,DoS slowloris,True
DoS slowloris,1,ATTACK,1,0.335319722818504,DoS slowloris,True
DoS slowloris,1,ATTACK,1,0.3353197228185039,DoS slowloris,True
DoS slowloris,1,ATTACK,1,0.335319722818504,DoS slowloris,True
DoS slowloris,1,ATTACK,1,0.335319722818504,DoS slowloris,True
DoS slowloris,1,ATTACK,1,0.335319722818504,DoS slowloris,True
DoS slowloris,1,ATTACK,1,0.3353197228185039,DoS slowloris,True
DoS slowloris,1,ATTACK,1,0.335319722818504,DoS slowloris,True
DoS slowloris,1,ATTACK,1,0.335319722818504,DoS slowloris,True
DoS slowloris,1,ATTACK,1,0.3353197228185039,DoS slowloris,True
DoS slowloris,1,ATTACK,1,0.335319722818504,DoS slowloris,True
DoS slowloris,1,ATTACK,1,0.3353197228185039,DoS slowloris,True
DoS slowloris,1,ATTACK,1,0.335319722818504,DoS slowloris,True
DoS slowloris,1,ATTACK,1,0.3353197228185038,DoS slowloris,True
DoS slowloris,1,ATTACK,1,0.3353197228185039,DoS slowloris,True
DoS slowloris,1,ATTACK,1,0.335319722818504,DoS slowloris,True
DoS slowloris,1,ATTACK,1,0.335319722818504,DoS slowloris,True
DoS slowloris,1,ATTACK,1,0.335319722818504,DoS slowloris,True
DoS slowloris,1,ATTACK,1,0.335319722818504,DoS slowloris,True
DoS slowloris,1,ATTACK,1,0.3353197228185039,DoS slowloris,True
DoS slowloris,1,ATTACK,1,0.335319722818504,DoS slowloris,True
DoS slowloris,1,ATTACK,1,0.335319722818504,DoS slowloris,True
DoS slowloris,1,ATTACK,1,0.3353197228185039,DoS slowloris,True
DoS slowloris,1,ATTACK,1,0.335319722818504,DoS slowloris,True
DoS slowloris,1,ATTACK,1,0.3353197228185039,DoS slowloris,True
DoS slowloris,1,ATTACK,1,0.3353197228185039,DoS slowloris,True
DoS slowloris,1,ATTACK,1,0.335319722818504,DoS slowloris,True
DoS slowloris,1,ATTACK,1,0.3353197228185039,DoS slowloris,True
DoS slowloris,1,ATTACK,1,0.3353197228185039,DoS slowloris,True
DoS slowloris,1,ATTACK,1,0.335319722818504,DoS slowloris,True
DoS slowloris,1,ATTACK,1,0.335319722818504,DoS slowloris,True
DoS slowloris,1,ATTACK,1,0.456913301924693,DoS slowloris,True
DoS slowloris,1,ATTACK,1,0.335319722818504,DoS slowloris,True
DoS slowloris,1,ATTACK,1,0.335319722818504,DoS slowloris,True
DoS slowloris,1,ATTACK,1,0.3353197228185039,DoS slowloris,True
DoS slowloris,1,ATTACK,1,0.335319722818504,DoS slowloris,True
DoS slowloris,1,ATTACK,1,0.335319722818504,DoS slowloris,True
DoS slowloris,1,ATTACK,1,0.3353197228185039,DoS slowloris,True
DoS slowloris,1,ATTACK,1,0.335319722818504,DoS slowloris,True
DoS slowloris,1,ATTACK,1,0.335319722818504,DoS slowloris,True
DoS slowloris,1,ATTACK,1,0.3353197228185039,DoS slowloris,True
DoS slowloris,1,ATTACK,1,0.3353197228185039,DoS slowloris,True
DoS slowloris,1,ATTACK,1,0.335319722818504,DoS slowloris,True
DoS slowloris,1,ATTACK,1,0.335319722818504,DoS slowloris,True
DoS slowloris,1,ATTACK,1,0.335319722818504,DoS slowloris,True
DoS slowloris,1,ATTACK,1,0.335319722818504,DoS slowloris,True
DoS slowloris,1,ATTACK,1,0.335319722818504,DoS slowloris,True
DoS slowloris,1,ATTACK,1,0.335319722818504,DoS slowloris,True
DoS slowloris,1,ATTACK,1,0.3353197228185039,DoS slowloris,True
DoS slowloris,1,ATTACK,1,0.335319722818504,DoS slowloris,True
DoS slowloris,1,ATTACK,1,0.335319722818504,DoS slowloris,True
DoS slowloris,1,ATTACK,1,0.335319722818504,DoS slowloris,True
DoS slowloris,1,ATTACK,1,0.335319722818504,DoS slowloris,True
DoS slowloris,1,ATTACK,1,0.3353197228185039,DoS slowloris,True
DoS slowloris,1,ATTACK,1,0.335319722818504,DoS slowloris,True
DoS slowloris,1,ATTACK,1,0.3353197228185039,DoS slowloris,True
DoS slowloris,1,ATTACK,1,0.3353197228185039,DoS slowloris,True
DoS slowloris,1,ATTACK,1,0.3353197228185039,DoS slowloris,True
DoS slowloris,1,ATTACK,1,0.3353197228185039,DoS slowloris,True
DoS slowloris,1,ATTACK,1,0.335319722818504,DoS slowloris,True
DoS slowloris,1,ATTACK,1,0.3353197228185039,DoS slowloris,True
DoS slowloris,1,ATTACK,1,0.335319722818504,DoS slowloris,True
DoS slowloris,1,ATTACK,1,0.335319722818504,DoS slowloris,True
DoS slowloris,1,ATTACK,1,0.335319722818504,DoS slowloris,True
DoS slowloris,1,ATTACK,1,0.3353197228185039,DoS slowloris,True
DoS slowloris,1,ATTACK,1,0.335319722818504,DoS slowloris,True
DoS slowloris,1,ATTACK,1,0.335319722818504,DoS slowloris,True
DoS slowloris,1,ATTACK,1,0.335319722818504,DoS slowloris,True
DoS slowloris,1,ATTACK,1,0.3353197228185039,DoS slowloris,True
DoS slowloris,1,ATTACK,1,0.335319722818504,DoS slowloris,True
DoS slowloris,1,ATTACK,1,0.3353197228185039,DoS slowloris,True
DoS slowloris,1,ATTACK,1,0.335319722818504,DoS slowloris,True
DoS slowloris,1,ATTACK,1,0.335319722818504,DoS slowloris,True
DoS slowloris,1,ATTACK,1,0.335319722818504,DoS slowloris,True
DoS slowloris,1,ATTACK,1,0.335319722818504,DoS slowloris,True
DoS slowloris,1,ATTACK,1,0.335319722818504,DoS slowloris,True
DoS slowloris,1,ATTACK,1,0.335319722818504,DoS slowloris,True
DoS slowloris,1,ATTACK,1,0.5393827133966957,DoS slowloris,True
DoS slowloris,1,ATTACK,1,0.5127466352580264,DoS slowloris,True
DoS slowloris,1,ATTACK,1,0.5127466352580264,DoS slowloris,True
DoS slowloris,1,ATTACK,1,0.9948312830143324,DoS slowloris,True
DoS slowloris,1,ATTACK,1,0.9948312830143324,DoS slowloris,True
DoS slowloris,1,ATTACK,1,0.9948312830143324,DoS slowloris,True
DoS slowloris,1,ATTACK,1,0.9948312830143324,DoS slowloris,True
DoS slowloris,1,ATTACK,1,0.9948312830143324,DoS slowloris,True
DoS slowloris,1,ATTACK,1,0.9948312830143324,DoS slowloris,True
DoS slowloris,1,ATTACK,1,0.9948312830143324,DoS slowloris,True
DoS slowloris,1,ATTACK,1,0.9948312830143324,DoS slowloris,True
DoS slowloris,1,ATTACK,1,0.9948312830143324,DoS slowloris,True
DoS slowloris,1,ATTACK,1,0.9948312830143324,DoS slowloris,True
DoS slowloris,1,ATTACK,1,0.9948312830143324,DoS slowloris,True
DoS slowloris,1,ATTACK,1,0.9948312830143324,DoS slowloris,True
DoS slowloris,1,ATTACK,1,0.9948312830143324,DoS slowloris,True
DoS slowloris,1,ATTACK,1,0.9948312830143324,DoS slowloris,True
DoS slowloris,1,ATTACK,1,0.9948312830143324,DoS slowloris,True
DoS slowloris,1,ATTACK,1,0.9948312830143324,DoS slowloris,True
DoS slowloris,1,ATTACK,1,0.5922219824411837,DoS slowloris,True
DoS slowloris,1,ATTACK,1,0.6085094524197953,DoS slowloris,True
DoS slowloris,1,ATTACK,1,0.9948312830143324,DoS slowloris,True
DoS slowloris,1,ATTACK,1,0.3914042773753451,DoS slowloris,True
DoS slowloris,1,ATTACK,1,0.9948312830143324,DoS slowloris,True
DoS slowloris,1,ATTACK,1,0.3914042773753451,DoS slowloris,True
DoS slowloris,1,ATTACK,1,0.540828241703606,DoS slowloris,True
DoS slowloris,1,ATTACK,1,0.3102751002898798,DoS slowloris,True
DoS slowloris,1,ATTACK,1,0.4661663467845843,DoS slowloris,True
DoS slowloris,1,ATTACK,1,0.9948312830143322,DoS slowloris,True
DoS slowloris,1,ATTACK,1,0.9948312830143324,DoS slowloris,True
DoS slowloris,1,ATTACK,1,0.9948312830143324,DoS slowloris,True
DoS slowloris,1,ATTACK,1,0.9948312830143324,DoS slowloris,True
DoS slowloris,1,ATTACK,1,0.9948312830143324,DoS slowloris,True
DoS slowloris,1,ATTACK,1,0.9948312830143324,DoS slowloris,True
DoS slowloris,1,ATTACK,1,0.9948312830143324,DoS slowloris,True
DoS slowloris,1,ATTACK,1,0.9948312830143324,DoS slowloris,True
DoS slowloris,1,ATTACK,1,0.9948312830143324,DoS slowloris,True
DoS slowloris,1,ATTACK,1,0.9948312830143324,DoS slowloris,True
DoS slowloris,1,ATTACK,1,0.9948312830143324,DoS slowloris,True
DoS slowloris,1,ATTACK,1,0.9948312830143324,DoS slowloris,True
DoS slowloris,1,ATTACK,1,0.9948312830143324,DoS slowloris,True
DoS slowloris,1,ATTACK,1,0.9948312830143324,DoS slowloris,True
DoS slowloris,1,ATTACK,1,0.9948312830143324,DoS slowloris,True
DoS slowloris,1,ATTACK,1,0.6022594524197953,DoS slowloris,True
DoS slowloris,1,ATTACK,1,0.1634641575101429,Web_Attack,True
DoS slowloris,1,ATTACK,1,0.9948312830143324,DoS slowloris,True
DoS slowloris,1,ATTACK,1,0.5635612913010167,DoS slowloris,True
DoS slowloris,1,ATTACK,1,0.2865280489161746,Web_Attack,True
DoS slowloris,1,ATTACK,1,0.2873728603284399,DoS slowloris,True
DoS slowloris,1,ATTACK,1,0.2873728603284399,DoS slowloris,True
DoS slowloris,1,ATTACK,1,0.5127466352580264,DoS slowloris,True
DoS slowloris,1,ATTACK,1,0.4802390667165322,DoS slowloris,True
DoS slowloris,1,ATTACK,1,0.2873728603284399,DoS slowloris,True
DoS slowloris,1,ATTACK,1,0.9948312830143324,DoS slowloris,True
DoS slowloris,1,ATTACK,1,0.9948312830143324,DoS slowloris,True
DoS slowloris,1,ATTACK,1,0.9948312830143324,DoS slowloris,True
DoS slowloris,1,ATTACK,1,0.9948312830143324,DoS slowloris,True
DoS slowloris,1,ATTACK,1,0.9948312830143324,DoS slowloris,True
DoS slowloris,1,ATTACK,1,0.9948312830143324,DoS slowloris,True
DoS slowloris,1,ATTACK,1,0.9948312830143324,DoS slowloris,True
DoS slowloris,1,ATTACK,1,0.9948312830143324,DoS slowloris,True
DoS slowloris,1,ATTACK,1,0.9948312830143324,DoS slowloris,True
DoS slowloris,1,ATTACK,1,0.9948312830143324,DoS slowloris,True
DoS slowloris,1,ATTACK,1,0.9948312830143324,DoS slowloris,True
DoS slowloris,1,ATTACK,1,0.9948312830143324,DoS slowloris,True
DoS slowloris,1,ATTACK,1,0.9948312830143324,DoS slowloris,True
DoS slowloris,1,ATTACK,1,0.9948312830143324,DoS slowloris,True
DoS slowloris,1,ATTACK,1,0.9948312830143324,DoS slowloris,True
DoS slowloris,1,ATTACK,1,0.2707061936617733,DoS slowloris,True
DoS slowloris,1,ATTACK,1,0.9948312830143324,DoS slowloris,True
DoS slowloris,1,ATTACK,1,0.2707061936617733,DoS slowloris,True
DoS slowloris,1,ATTACK,1,0.9948312830143324,DoS slowloris,True
DoS slowloris,1,ATTACK,1,0.2352435283115785,DoS slowloris,True
DoS slowloris,1,ATTACK,1,0.2009553517798906,DoS slowloris,True
DoS slowloris,1,ATTACK,1,0.2782178887926251,DoS slowloris,True
DoS slowloris,1,ATTACK,1,0.2782178887926251,DoS slowloris,True
DoS slowloris,1,ATTACK,1,0.2657061936617733,DoS slowloris,True
DoS slowloris,1,ATTACK,1,0.2782178887926251,DoS slowloris,True
DoS slowloris,1,ATTACK,1,0.2657061936617733,DoS slowloris,True
DoS slowloris,1,ATTACK,1,0.2009553517798907,DoS slowloris,True
DoS slowloris,1,ATTACK,1,0.8027465521005116,DoS slowloris,True
DoS slowloris,1,ATTACK,1,0.2386837279663672,DoS slowloris,True
DoS slowloris,1,ATTACK,1,0.2386837279663672,DoS slowloris,True
DoS slowloris,1,ATTACK,1,0.2386837279663672,DoS slowloris,True
DoS slowloris,1,ATTACK,1,0.2386837279663672,DoS slowloris,True
DoS slowloris,1,ATTACK,1,0.2436837279663672,DoS slowloris,True
DoS slowloris,1,ATTACK,1,0.2436837279663672,DoS slowloris,True
DoS slowloris,1,ATTACK,1,0.2909700422031969,DoS slowloris,True
DoS slowloris,1,ATTACK,1,0.2110798824319964,DoS slowloris,True
DoS slowloris,1,ATTACK,1,0.2794678887926251,DoS slowloris,True
DoS slowloris,1,ATTACK,1,0.2794678887926251,DoS slowloris,True
DoS slowloris,1,ATTACK,1,0.2794678887926251,DoS slowloris,True
DoS slowloris,1,ATTACK,1,0.2794678887926251,DoS slowloris,True
DoS slowloris,1,ATTACK,1,0.2794678887926251,DoS slowloris,True
DoS slowloris,1,ATTACK,1,0.2794678887926251,DoS slowloris,True
DoS slowloris,1,ATTACK,1,0.2009553517798906,DoS slowloris,True
DoS slowloris,1,ATTACK,1,0.3353197228185039,DoS slowloris,True
DoS slowloris,1,ATTACK,1,0.3955133601393725,DoS slowloris,True
DoS slowloris,1,ATTACK,1,0.2986618654839481,DoS slowloris,True
DoS slowloris,1,ATTACK,1,0.2598740632208203,DoS slowloris,True
DoS slowloris,1,ATTACK,1,0.2229469978002436,DoS slowloris,True
DoS slowloris,1,ATTACK,1,0.9948312830143324,DoS slowloris,True
DoS slowloris,1,ATTACK,1,0.9948312830143324,DoS slowloris,True
DoS slowloris,1,ATTACK,1,0.9948312830143324,DoS slowloris,True
DoS slowloris,1,ATTACK,1,0.9948312830143324,DoS slowloris,True
DoS slowloris,1,ATTACK,1,0.9948312830143324,DoS slowloris,True
DoS slowloris,1,ATTACK,1,0.9948312830143324,DoS slowloris,True
DoS slowloris,1,ATTACK,1,0.9948312830143324,DoS slowloris,True
DoS slowloris,1,ATTACK,1,0.9948312830143324,DoS slowloris,True
DoS slowloris,1,ATTACK,1,0.9948312830143324,DoS slowloris,True
DoS slowloris,1,ATTACK,1,0.9948312830143324,DoS slowloris,True
DoS slowloris,1,ATTACK,1,0.2532670612997005,DoS slowloris,True
DoS slowloris,1,ATTACK,1,0.2532670612997005,DoS slowloris,True
DoS slowloris,1,ATTACK,1,0.2532670612997005,DoS slowloris,True
DoS slowloris,1,ATTACK,1,0.2532670612997005,DoS slowloris,True
DoS slowloris,1,ATTACK,1,0.2532670612997005,DoS slowloris,True
DoS slowloris,1,ATTACK,1,0.2532670612997005,DoS slowloris,True
DoS slowloris,1,ATTACK,1,0.2532670612997005,DoS slowloris,True
DoS slowloris,1,ATTACK,1,0.2532670612997005,DoS slowloris,True
DoS slowloris,1,ATTACK,1,0.2908033755365303,DoS slowloris,True
DoS slowloris,1,ATTACK,1,0.2110798824319964,DoS slowloris,True
DoS slowloris,1,ATTACK,1,0.2794678887926251,DoS slowloris,True
DoS slowloris,1,ATTACK,1,0.2794678887926251,DoS slowloris,True
DoS slowloris,1,ATTACK,1,0.2794678887926251,DoS slowloris,True
DoS slowloris,1,ATTACK,1,0.2794678887926251,DoS slowloris,True
DoS slowloris,1,ATTACK,1,0.2794678887926251,DoS slowloris,True
DoS slowloris,1,ATTACK,1,0.2557061936617733,DoS slowloris,True
DoS slowloris,1,ATTACK,1,0.2794678887926251,DoS slowloris,True
DoS slowloris,1,ATTACK,1,0.2009553517798907,DoS slowloris,True
DoS slowloris,1,ATTACK,1,0.335319722818504,DoS slowloris,True
DoS slowloris,1,ATTACK,1,0.335319722818504,DoS slowloris,True
DoS slowloris,1,ATTACK,1,0.3353197228185039,DoS slowloris,True
DoS slowloris,1,ATTACK,1,0.3353197228185039,DoS slowloris,True
DoS slowloris,1,ATTACK,1,0.3353197228185039,DoS slowloris,True
DoS slowloris,1,ATTACK,1,0.3353197228185039,DoS slowloris,True
DoS slowloris,1,ATTACK,1,0.3353197228185039,DoS slowloris,True
DoS slowloris,1,ATTACK,1,0.3353197228185039,DoS slowloris,True
DoS slowloris,1,ATTACK,1,0.2986618654839481,DoS slowloris,True
DoS slowloris,1,ATTACK,1,0.287709534812978,DoS slowloris,True
DoS slowloris,1,ATTACK,1,0.287709534812978,DoS slowloris,True
DoS slowloris,1,ATTACK,1,0.287709534812978,DoS slowloris,True
DoS slowloris,1,ATTACK,1,0.3102751002898798,DoS Slowhttptest,True
DoS slowloris,1,ATTACK,1,0.2229469978002436,DoS slowloris,True
DoS slowloris,1,ATTACK,1,0.9948312830143324,DoS slowloris,True
DoS slowloris,1,ATTACK,1,0.2600293563816677,DoS slowloris,True
DoS slowloris,1,ATTACK,1,0.2600293563816677,DoS slowloris,True
DoS slowloris,1,ATTACK,1,0.2600293563816677,DoS slowloris,True
DoS slowloris,1,ATTACK,1,0.2600293563816677,DoS slowloris,True
DoS slowloris,1,ATTACK,1,0.2600293563816677,DoS slowloris,True
DoS slowloris,1,ATTACK,1,0.2600293563816677,DoS slowloris,True
DoS slowloris,1,ATTACK,1,0.2113715490986631,DoS slowloris,True
DoS slowloris,1,ATTACK,1,0.2794678887926251,DoS slowloris,True
DoS slowloris,1,ATTACK,1,0.2794678887926251,DoS slowloris,True
DoS slowloris,1,ATTACK,1,0.2794678887926251,DoS slowloris,True
DoS slowloris,1,ATTACK,1,0.2794678887926251,DoS slowloris,True
DoS slowloris,1,ATTACK,1,0.2498045355714359,DoS slowloris,True
DoS slowloris,1,ATTACK,1,0.3204356117045631,DoS slowloris,True
DoS slowloris,1,ATTACK,1,0.335319722818504,DoS slowloris,True
DoS slowloris,1,ATTACK,1,0.3353197228185039,DoS slowloris,True
DoS slowloris,1,ATTACK,1,0.335319722818504,DoS slowloris,True
DoS slowloris,1,ATTACK,1,0.335319722818504,DoS slowloris,True
DoS slowloris,1,ATTACK,1,0.335319722818504,DoS slowloris,True
DoS slowloris,1,ATTACK,1,0.3353197228185039,DoS slowloris,True
DoS slowloris,1,ATTACK,1,0.335319722818504,DoS slowloris,True
DoS slowloris,1,ATTACK,1,0.287709534812978,DoS slowloris,True
DoS slowloris,1,ATTACK,1,0.287709534812978,DoS slowloris,True
DoS slowloris,1,ATTACK,1,0.287709534812978,DoS slowloris,True
DoS slowloris,1,ATTACK,1,0.287709534812978,DoS slowloris,True
DoS slowloris,1,ATTACK,1,0.287709534812978,DoS slowloris,True
DoS slowloris,1,ATTACK,1,0.287709534812978,DoS slowloris,True
DoS slowloris,1,ATTACK,1,0.287709534812978,DoS slowloris,True
DoS slowloris,1,ATTACK,1,0.287709534812978,DoS slowloris,True
DoS slowloris,1,ATTACK,1,0.3102751002898798,DoS Slowhttptest,True
DoS slowloris,1,ATTACK,1,0.2229469978002436,DoS slowloris,True
DoS slowloris,1,ATTACK,1,0.9948312830143324,DoS slowloris,True
DoS slowloris,1,ATTACK,1,0.9853226320198014,DoS slowloris,True
DoS slowloris,1,ATTACK,1,0.9898226320198016,DoS slowloris,True
DoS slowloris,1,ATTACK,1,0.9898226320198016,DoS slowloris,True
DoS slowloris,1,ATTACK,1,0.9898226320198016,DoS slowloris,True
DoS slowloris,1,ATTACK,1,0.9898226320198016,DoS slowloris,True
DoS slowloris,1,ATTACK,1,0.9878226320198016,DoS slowloris,True
DoS slowloris,1,ATTACK,1,0.9881559653531348,DoS slowloris,True
DoS slowloris,1,ATTACK,1,0.9864892986864682,DoS slowloris,True
DoS slowloris,1,ATTACK,1,0.9835726320198016,DoS slowloris,True
DoS slowloris,1,ATTACK,1,0.9681559653531348,DoS slowloris,True
DoS slowloris,1,ATTACK,1,0.406635381529538,DoS slowloris,True
DoS slowloris,1,ATTACK,1,0.7870852797453708,DoS slowloris,True
DoS slowloris,1,ATTACK,1,0.2958033755365303,DoS slowloris,True
DoS slowloris,1,ATTACK,1,0.2113715490986631,DoS slowloris,True
DoS slowloris,1,ATTACK,1,0.287709534812978,DoS slowloris,True
DoS slowloris,1,ATTACK,1,0.287709534812978,DoS slowloris,True
DoS slowloris,1,ATTACK,1,0.2877095348129781,DoS slowloris,True
DoS slowloris,1,ATTACK,1,0.287709534812978,DoS slowloris,True
DoS slowloris,1,ATTACK,1,0.287709534812978,DoS slowloris,True
DoS slowloris,1,ATTACK,1,0.287709534812978,DoS slowloris,True
DoS slowloris,1,ATTACK,1,0.287709534812978,DoS slowloris,True
DoS slowloris,1,ATTACK,1,0.2877095348129781,DoS slowloris,True
DoS slowloris,1,ATTACK,1,0.287709534812978,DoS slowloris,True
DoS slowloris,1,ATTACK,1,0.2877095348129781,DoS slowloris,True
DoS slowloris,1,ATTACK,1,0.287709534812978,DoS slowloris,True
DoS slowloris,1,ATTACK,1,0.287709534812978,DoS slowloris,True
DoS slowloris,1,ATTACK,1,0.287709534812978,DoS slowloris,True
DoS slowloris,1,ATTACK,1,0.287709534812978,DoS slowloris,True
DoS slowloris,1,ATTACK,1,0.287709534812978,DoS slowloris,True
DoS slowloris,1,ATTACK,1,0.3106322431470226,DoS slowloris,True
DoS slowloris,1,ATTACK,1,0.2229469978002436,DoS slowloris,True
DoS slowloris,1,ATTACK,1,0.287709534812978,DoS Slowhttptest,True
DoS slowloris,1,ATTACK,1,0.2229469978002436,DoS Slowhttptest,True
DoS slowloris,1,ATTACK,1,0.5230799685913597,DoS slowloris,True
DoS slowloris,1,ATTACK,1,0.5127466352580264,DoS slowloris,True
DoS slowloris,1,ATTACK,1,0.5127466352580264,DoS slowloris,True
DoS slowloris,1,ATTACK,1,0.5127466352580264,DoS slowloris,True
DoS slowloris,1,ATTACK,1,0.9948312830143324,DoS slowloris,True
DoS slowloris,1,ATTACK,1,0.9948312830143324,DoS slowloris,True
DoS Slowhttptest,1,ATTACK,1,0.8205848582924569,DoS Slowhttptest,True
DoS Slowhttptest,1,ATTACK,1,0.287709534812978,DoS Slowhttptest,True
DoS Slowhttptest,1,ATTACK,1,0.287709534812978,DoS Slowhttptest,True
DoS Slowhttptest,1,ATTACK,1,0.287709534812978,DoS Slowhttptest,True
DoS Slowhttptest,1,ATTACK,1,0.287709534812978,DoS Slowhttptest,True
DoS Slowhttptest,1,ATTACK,1,0.287709534812978,DoS Slowhttptest,True
DoS Slowhttptest,1,ATTACK,1,0.287709534812978,DoS Slowhttptest,True
DoS Slowhttptest,1,ATTACK,1,0.287709534812978,DoS Slowhttptest,True
DoS Slowhttptest,1,ATTACK,1,0.287709534812978,DoS Slowhttptest,True
DoS Slowhttptest,1,ATTACK,1,0.287709534812978,DoS Slowhttptest,True
DoS Slowhttptest,1,ATTACK,1,0.287709534812978,DoS Slowhttptest,True
DoS Slowhttptest,1,ATTACK,1,0.287709534812978,DoS Slowhttptest,True
DoS Slowhttptest,1,ATTACK,1,0.287709534812978,DoS Slowhttptest,True
DoS Slowhttptest,1,ATTACK,1,0.287709534812978,DoS Slowhttptest,True
DoS Slowhttptest,1,ATTACK,1,0.6019623993347429,DoS Slowhttptest,True
DoS Slowhttptest,1,ATTACK,1,0.6019623993347428,DoS Slowhttptest,True
DoS Slowhttptest,1,ATTACK,1,0.6029408036811936,DoS Slowhttptest,True
DoS Slowhttptest,1,ATTACK,1,0.6029408036811936,DoS Slowhttptest,True
DoS Slowhttptest,1,ATTACK,1,0.287709534812978,DoS Slowhttptest,True
DoS Slowhttptest,1,ATTACK,1,0.287709534812978,DoS Slowhttptest,True
DoS Slowhttptest,1,ATTACK,1,0.287709534812978,DoS Slowhttptest,True
DoS Slowhttptest,1,ATTACK,1,0.287709534812978,DoS Slowhttptest,True
DoS Slowhttptest,1,ATTACK,1,0.287709534812978,DoS Slowhttptest,True
DoS Slowhttptest,1,ATTACK,1,0.287709534812978,DoS Slowhttptest,True
DoS Slowhttptest,1,ATTACK,1,0.287709534812978,DoS Slowhttptest,True
DoS Slowhttptest,1,ATTACK,1,0.287709534812978,DoS Slowhttptest,True
DoS Slowhttptest,1,ATTACK,1,0.287709534812978,DoS Slowhttptest,True
DoS Slowhttptest,1,ATTACK,1,0.287709534812978,DoS Slowhttptest,True
DoS Slowhttptest,1,ATTACK,1,0.287709534812978,DoS Slowhttptest,True
DoS Slowhttptest,1,ATTACK,1,0.287709534812978,DoS Slowhttptest,True
DoS Slowhttptest,1,ATTACK,1,0.287709534812978,DoS Slowhttptest,True
DoS Slowhttptest,1,ATTACK,1,0.287709534812978,DoS Slowhttptest,True
DoS Slowhttptest,1,ATTACK,1,0.287709534812978,DoS Slowhttptest,True
DoS Slowhttptest,1,ATTACK,1,0.287709534812978,DoS Slowhttptest,True
DoS Slowhttptest,1,ATTACK,1,0.287709534812978,DoS Slowhttptest,True
DoS Slowhttptest,1,ATTACK,1,0.287709534812978,DoS Slowhttptest,True
DoS Slowhttptest,1,ATTACK,1,0.287709534812978,DoS Slowhttptest,True
DoS Slowhttptest,1,ATTACK,1,0.287709534812978,DoS Slowhttptest,True
DoS Slowhttptest,1,ATTACK,1,0.287709534812978,DoS Slowhttptest,True
DoS Slowhttptest,1,ATTACK,1,0.287709534812978,DoS Slowhttptest,True
DoS Slowhttptest,1,ATTACK,1,0.287709534812978,DoS Slowhttptest,True
DoS Slowhttptest,1,ATTACK,1,0.287709534812978,DoS Slowhttptest,True
DoS Slowhttptest,1,ATTACK,1,0.287709534812978,DoS Slowhttptest,True
DoS Slowhttptest,1,ATTACK,1,0.287709534812978,DoS Slowhttptest,True
DoS Slowhttptest,1,ATTACK,1,0.287709534812978,DoS Slowhttptest,True
DoS Slowhttptest,1,ATTACK,1,0.287709534812978,DoS Slowhttptest,True
DoS Slowhttptest,1,ATTACK,1,0.287709534812978,DoS Slowhttptest,True
DoS Slowhttptest,1,ATTACK,1,0.287709534812978,DoS Slowhttptest,True
DoS Slowhttptest,1,ATTACK,1,0.287709534812978,DoS Slowhttptest,True
DoS Slowhttptest,1,ATTACK,1,0.287709534812978,DoS Slowhttptest,True
DoS Slowhttptest,1,ATTACK,1,0.287709534812978,DoS Slowhttptest,True
DoS Slowhttptest,1,ATTACK,1,0.287709534812978,DoS Slowhttptest,True
DoS Slowhttptest,1,ATTACK,1,0.287709534812978,DoS Slowhttptest,True
DoS Slowhttptest,1,ATTACK,1,0.287709534812978,DoS Slowhttptest,True
DoS Slowhttptest,1,ATTACK,1,0.287709534812978,DoS Slowhttptest,True
DoS Slowhttptest,1,ATTACK,1,0.287709534812978,DoS Slowhttptest,True
DoS Slowhttptest,1,ATTACK,1,0.287709534812978,DoS Slowhttptest,True
DoS Slowhttptest,1,ATTACK,1,0.287709534812978,DoS Slowhttptest,True
DoS Slowhttptest,1,ATTACK,1,0.287709534812978,DoS Slowhttptest,True
DoS Slowhttptest,1,ATTACK,1,0.287709534812978,DoS Slowhttptest,True
DoS Slowhttptest,1,ATTACK,1,0.287709534812978,DoS Slowhttptest,True
DoS Slowhttptest,1,ATTACK,1,0.287709534812978,DoS Slowhttptest,True
DoS Slowhttptest,1,ATTACK,1,0.287709534812978,DoS Slowhttptest,True
DoS Slowhttptest,1,ATTACK,1,0.287709534812978,DoS Slowhttptest,True
DoS Slowhttptest,1,ATTACK,1,0.287709534812978,DoS Slowhttptest,True
DoS Slowhttptest,1,ATTACK,1,0.287709534812978,DoS Slowhttptest,True
DoS Slowhttptest,1,ATTACK,1,0.287709534812978,DoS Slowhttptest,True
DoS Slowhttptest,1,ATTACK,1,0.287709534812978,DoS Slowhttptest,True
DoS Slowhttptest,1,ATTACK,1,0.287709534812978,DoS Slowhttptest,True
DoS Slowhttptest,1,ATTACK,1,0.2877095348129781,DoS Slowhttptest,True
DoS Slowhttptest,1,ATTACK,1,0.287709534812978,DoS Slowhttptest,True
DoS Slowhttptest,1,ATTACK,1,0.287709534812978,DoS Slowhttptest,True
DoS Slowhttptest,1,ATTACK,1,0.287709534812978,DoS Slowhttptest,True
DoS Slowhttptest,1,ATTACK,1,0.287709534812978,DoS Slowhttptest,True
DoS Slowhttptest,1,ATTACK,1,0.287709534812978,DoS Slowhttptest,True
DoS Slowhttptest,1,ATTACK,1,0.287709534812978,DoS Slowhttptest,True
DoS Slowhttptest,1,ATTACK,1,0.287709534812978,DoS Slowhttptest,True
DoS Slowhttptest,1,ATTACK,1,0.287709534812978,DoS Slowhttptest,True
DoS Slowhttptest,1,ATTACK,1,0.287709534812978,DoS Slowhttptest,True
DoS Slowhttptest,1,ATTACK,1,0.287709534812978,DoS Slowhttptest,True
DoS Slowhttptest,1,ATTACK,1,0.287709534812978,DoS Slowhttptest,True
DoS Slowhttptest,1,ATTACK,1,0.287709534812978,DoS Slowhttptest,True
DoS Slowhttptest,1,ATTACK,1,0.287709534812978,DoS Slowhttptest,True
DoS Slowhttptest,1,ATTACK,1,0.287709534812978,DoS Slowhttptest,True
DoS Slowhttptest,1,ATTACK,1,0.287709534812978,DoS Slowhttptest,True
DoS Slowhttptest,1,ATTACK,1,0.287709534812978,DoS Slowhttptest,True
DoS Slowhttptest,1,ATTACK,1,0.287709534812978,DoS Slowhttptest,True
DoS Slowhttptest,1,ATTACK,1,0.2877095348129781,DoS Slowhttptest,True
DoS Slowhttptest,1,ATTACK,1,0.287709534812978,DoS Slowhttptest,True
DoS Slowhttptest,1,ATTACK,1,0.287709534812978,DoS Slowhttptest,True
DoS Slowhttptest,1,ATTACK,1,0.287709534812978,DoS Slowhttptest,True
DoS Slowhttptest,1,ATTACK,1,0.287709534812978,DoS Slowhttptest,True
DoS Slowhttptest,1,ATTACK,1,0.287709534812978,DoS Slowhttptest,True
DoS Slowhttptest,1,ATTACK,1,0.287709534812978,DoS Slowhttptest,True
DoS Slowhttptest,1,ATTACK,1,0.287709534812978,DoS Slowhttptest,True
DoS Slowhttptest,1,ATTACK,1,0.287709534812978,DoS Slowhttptest,True
DoS Slowhttptest,1,ATTACK,1,0.287709534812978,DoS Slowhttptest,True
DoS Slowhttptest,1,ATTACK,1,0.287709534812978,DoS Slowhttptest,True
DoS Slowhttptest,1,ATTACK,1,0.287709534812978,DoS Slowhttptest,True
DoS Slowhttptest,1,ATTACK,1,0.287709534812978,DoS Slowhttptest,True
DoS Slowhttptest,1,ATTACK,1,0.287709534812978,DoS Slowhttptest,True
DoS Slowhttptest,1,ATTACK,1,0.287709534812978,DoS Slowhttptest,True
DoS Slowhttptest,1,ATTACK,1,0.287709534812978,DoS Slowhttptest,True
DoS Slowhttptest,1,ATTACK,1,0.287709534812978,DoS Slowhttptest,True
DoS Slowhttptest,1,ATTACK,1,0.287709534812978,DoS Slowhttptest,True
DoS Slowhttptest,1,ATTACK,1,0.287709534812978,DoS Slowhttptest,True
DoS Slowhttptest,1,ATTACK,1,0.287709534812978,DoS Slowhttptest,True
DoS Slowhttptest,1,ATTACK,1,0.287709534812978,DoS Slowhttptest,True
DoS Slowhttptest,1,ATTACK,1,0.287709534812978,DoS Slowhttptest,True
DoS Slowhttptest,1,ATTACK,1,0.287709534812978,DoS Slowhttptest,True
DoS Slowhttptest,1,ATTACK,1,0.287709534812978,DoS Slowhttptest,True
DoS Slowhttptest,1,ATTACK,1,0.287709534812978,DoS Slowhttptest,True
DoS Slowhttptest,1,ATTACK,1,0.287709534812978,DoS Slowhttptest,True
DoS Slowhttptest,1,ATTACK,1,0.287709534812978,DoS Slowhttptest,True
DoS Slowhttptest,1,ATTACK,1,0.287709534812978,DoS Slowhttptest,True
DoS Slowhttptest,1,ATTACK,1,0.287709534812978,DoS Slowhttptest,True
DoS Slowhttptest,1,ATTACK,1,0.287709534812978,DoS Slowhttptest,True
DoS Slowhttptest,1,ATTACK,1,0.287709534812978,DoS Slowhttptest,True
DoS Slowhttptest,1,ATTACK,1,0.287709534812978,DoS Slowhttptest,True
DoS Slowhttptest,1,ATTACK,1,0.287709534812978,DoS Slowhttptest,True
DoS Slowhttptest,1,ATTACK,1,0.287709534812978,DoS Slowhttptest,True
DoS Slowhttptest,1,ATTACK,1,0.287709534812978,DoS Slowhttptest,True
DoS Slowhttptest,1,ATTACK,1,0.287709534812978,DoS Slowhttptest,True
DoS Slowhttptest,1,ATTACK,1,0.287709534812978,DoS Slowhttptest,True
DoS Slowhttptest,1,ATTACK,1,0.287709534812978,DoS Slowhttptest,True
DoS Slowhttptest,1,ATTACK,1,0.287709534812978,DoS Slowhttptest,True
DoS Slowhttptest,1,ATTACK,1,0.287709534812978,DoS Slowhttptest,True
DoS Slowhttptest,1,ATTACK,1,0.287709534812978,DoS Slowhttptest,True
DoS Slowhttptest,1,ATTACK,1,0.287709534812978,DoS Slowhttptest,True
DoS Slowhttptest,1,ATTACK,1,0.287709534812978,DoS Slowhttptest,True
DoS Slowhttptest,1,ATTACK,1,0.287709534812978,DoS Slowhttptest,True
DoS Slowhttptest,1,ATTACK,1,0.287709534812978,DoS Slowhttptest,True
DoS Slowhttptest,1,ATTACK,1,0.287709534812978,DoS Slowhttptest,True
DoS Slowhttptest,1,ATTACK,1,0.287709534812978,DoS Slowhttptest,True
DoS Slowhttptest,1,ATTACK,1,0.287709534812978,DoS Slowhttptest,True
DoS Slowhttptest,1,ATTACK,1,0.287709534812978,DoS Slowhttptest,True
DoS Slowhttptest,1,ATTACK,1,0.287709534812978,DoS Slowhttptest,True
DoS Slowhttptest,1,ATTACK,1,0.287709534812978,DoS Slowhttptest,True
DoS Slowhttptest,1,ATTACK,1,0.287709534812978,DoS Slowhttptest,True
DoS Slowhttptest,1,ATTACK,1,0.287709534812978,DoS Slowhttptest,True
DoS Slowhttptest,1,ATTACK,1,0.287709534812978,DoS Slowhttptest,True
DoS Slowhttptest,1,ATTACK,1,0.287709534812978,DoS Slowhttptest,True
DoS Slowhttptest,1,ATTACK,1,0.287709534812978,DoS Slowhttptest,True
DoS Slowhttptest,1,ATTACK,1,0.287709534812978,DoS Slowhttptest,True
DoS Slowhttptest,1,ATTACK,1,0.287709534812978,DoS Slowhttptest,True
DoS Slowhttptest,1,ATTACK,1,0.5127466352580264,DoS slowloris,True
DoS Slowhttptest,1,ATTACK,1,0.5127466352580264,DoS slowloris,True
DoS Slowhttptest,1,ATTACK,1,0.5693946246343501,DoS Slowhttptest,True
DoS Slowhttptest,1,ATTACK,1,0.5693946246343501,DoS Slowhttptest,True
DoS Slowhttptest,1,ATTACK,1,0.5230799685913599,DoS slowloris,True
DoS Slowhttptest,1,ATTACK,1,0.4440305468696433,DoS Slowhttptest,True
DoS Slowhttptest,1,ATTACK,1,0.4440305468696433,DoS Slowhttptest,True
DoS Slowhttptest,1,ATTACK,1,0.4440305468696434,DoS Slowhttptest,True
DoS Slowhttptest,1,ATTACK,1,0.4440305468696433,DoS Slowhttptest,True
DoS Slowhttptest,1,ATTACK,1,0.4440305468696433,DoS Slowhttptest,True
DoS Slowhttptest,1,ATTACK,1,0.4440305468696434,DoS Slowhttptest,True
DoS Slowhttptest,1,ATTACK,1,0.4440305468696433,DoS Slowhttptest,True
DoS Slowhttptest,1,ATTACK,1,0.4440305468696434,DoS Slowhttptest,True
DoS Slowhttptest,1,ATTACK,1,0.4440305468696433,DoS Slowhttptest,True
DoS Slowhttptest,1,ATTACK,1,0.4440305468696434,DoS Slowhttptest,True
DoS Slowhttptest,1,ATTACK,1,0.4440305468696433,DoS Slowhttptest,True
DoS Slowhttptest,1,ATTACK,1,0.4440305468696433,DoS Slowhttptest,True
DoS Slowhttptest,1,ATTACK,1,0.4440305468696433,DoS Slowhttptest,True
DoS Slowhttptest,1,ATTACK,1,0.4440305468696433,DoS Slowhttptest,True
DoS Slowhttptest,1,ATTACK,1,0.4440305468696433,DoS Slowhttptest,True
DoS Slowhttptest,1,ATTACK,1,0.4440305468696433,DoS Slowhttptest,True
DoS Slowhttptest,1,ATTACK,1,0.4440305468696433,DoS Slowhttptest,True
DoS Slowhttptest,1,ATTACK,1,0.4440305468696433,DoS Slowhttptest,True
DoS Slowhttptest,1,ATTACK,1,0.4440305468696434,DoS Slowhttptest,True
DoS Slowhttptest,1,ATTACK,1,0.4440305468696434,DoS Slowhttptest,True
DoS Slowhttptest,1,ATTACK,1,0.4440305468696433,DoS Slowhttptest,True
DoS Slowhttptest,1,ATTACK,1,0.4440305468696433,DoS Slowhttptest,True
DoS Slowhttptest,1,ATTACK,1,0.4440305468696433,DoS Slowhttptest,True
DoS Slowhttptest,1,ATTACK,1,0.4440305468696433,DoS Slowhttptest,True
DoS Slowhttptest,1,ATTACK,1,0.4440305468696433,DoS Slowhttptest,True
DoS Slowhttptest,1,ATTACK,1,0.4440305468696433,DoS Slowhttptest,True
DoS Slowhttptest,1,ATTACK,1,0.4440305468696434,DoS Slowhttptest,True
DoS Slowhttptest,1,ATTACK,1,0.4440305468696433,DoS Slowhttptest,True
DoS Slowhttptest,1,ATTACK,1,0.4440305468696433,DoS Slowhttptest,True
DoS Slowhttptest,1,ATTACK,1,0.4440305468696433,DoS Slowhttptest,True
DoS Slowhttptest,1,ATTACK,1,0.4440305468696433,DoS Slowhttptest,True
DoS Slowhttptest,1,ATTACK,1,0.4440305468696433,DoS Slowhttptest,True
DoS Slowhttptest,1,ATTACK,1,0.4440305468696433,DoS Slowhttptest,True
DoS Slowhttptest,1,ATTACK,1,0.4440305468696434,DoS Slowhttptest,True
DoS Slowhttptest,1,ATTACK,1,0.4440305468696433,DoS Slowhttptest,True
DoS Slowhttptest,1,ATTACK,1,0.4440305468696434,DoS Slowhttptest,True
DoS Slowhttptest,1,ATTACK,1,0.4440305468696434,DoS Slowhttptest,True
DoS Slowhttptest,1,ATTACK,1,0.4440305468696433,DoS Slowhttptest,True
DoS Slowhttptest,1,ATTACK,1,0.4440305468696433,DoS Slowhttptest,True
DoS Slowhttptest,1,ATTACK,1,0.4440305468696434,DoS Slowhttptest,True
DoS Slowhttptest,1,ATTACK,1,0.4440305468696433,DoS Slowhttptest,True
DoS Slowhttptest,1,ATTACK,1,0.4440305468696433,DoS Slowhttptest,True
DoS Slowhttptest,1,ATTACK,1,0.4440305468696434,DoS Slowhttptest,True
DoS Slowhttptest,1,ATTACK,1,0.4440305468696433,DoS Slowhttptest,True
DoS Slowhttptest,1,ATTACK,1,0.4440305468696433,DoS Slowhttptest,True
DoS Slowhttptest,1,ATTACK,1,0.4440305468696433,DoS Slowhttptest,True
DoS Slowhttptest,1,ATTACK,1,0.4440305468696433,DoS Slowhttptest,True
DoS Slowhttptest,1,ATTACK,1,0.4440305468696434,DoS Slowhttptest,True
DoS Slowhttptest,1,ATTACK,1,0.4440305468696434,DoS Slowhttptest,True
DoS Slowhttptest,1,ATTACK,1,0.4440305468696434,DoS Slowhttptest,True
DoS Slowhttptest,1,ATTACK,1,0.4440305468696434,DoS Slowhttptest,True
DoS Slowhttptest,1,ATTACK,1,0.4440305468696434,DoS Slowhttptest,True
DoS Slowhttptest,1,ATTACK,1,0.4440305468696433,DoS Slowhttptest,True
DoS Slowhttptest,1,ATTACK,1,0.4440305468696433,DoS Slowhttptest,True
DoS Slowhttptest,1,ATTACK,1,0.4440305468696434,DoS Slowhttptest,True
DoS Slowhttptest,1,ATTACK,1,0.6019623993347428,DoS Slowhttptest,True
DoS Slowhttptest,1,ATTACK,1,0.6019623993347428,DoS Slowhttptest,True
DoS Slowhttptest,1,ATTACK,1,0.6029408036811936,DoS Slowhttptest,True
DoS Slowhttptest,1,ATTACK,1,0.6029408036811936,DoS Slowhttptest,True
DoS Slowhttptest,1,ATTACK,1,0.287709534812978,DoS Slowhttptest,True
DoS Slowhttptest,1,ATTACK,1,0.287709534812978,DoS Slowhttptest,True
DoS Slowhttptest,1,ATTACK,1,0.2229469978002436,DoS Slowhttptest,True
DoS Slowhttptest,1,ATTACK,1,0.4367980043033866,DoS Slowhttptest,True
DoS Slowhttptest,1,ATTACK,1,0.2598740632208203,DoS Slowhttptest,True
DoS Slowhttptest,1,ATTACK,1,0.2598740632208203,DoS Slowhttptest,True
DoS Slowhttptest,1,ATTACK,1,0.2598740632208203,DoS Slowhttptest,True
DoS Slowhttptest,1,ATTACK,1,0.2598740632208203,DoS Slowhttptest,True
DoS Slowhttptest,1,ATTACK,1,0.2598740632208203,DoS Slowhttptest,True
DoS Slowhttptest,1,ATTACK,1,0.2598740632208203,DoS Slowhttptest,True
DoS Slowhttptest,1,ATTACK,1,0.2598740632208203,DoS Slowhttptest,True
DoS Slowhttptest,1,ATTACK,1,0.3102751002898798,DoS Slowhttptest,True
DoS Slowhttptest,1,ATTACK,1,0.3102751002898798,DoS Slowhttptest,True
DoS Slowhttptest,1,ATTACK,1,0.3102751002898798,DoS Slowhttptest,True
DoS Slowhttptest,1,ATTACK,1,0.3102751002898798,DoS Slowhttptest,True
DoS Slowhttptest,1,ATTACK,1,0.3102751002898798,DoS Slowhttptest,True
DoS Slowhttptest,1,ATTACK,1,0.3102751002898798,DoS Slowhttptest,True
DoS Slowhttptest,1,ATTACK,1,0.3102751002898798,DoS Slowhttptest,True
DoS Slowhttptest,1,ATTACK,1,0.3102751002898798,DoS Slowhttptest,True
DoS Slowhttptest,1,ATTACK,1,0.3102751002898798,DoS Slowhttptest,True
DoS Slowhttptest,1,ATTACK,1,0.3102751002898798,DoS Slowhttptest,True
DoS Slowhttptest,1,ATTACK,1,0.3102751002898798,DoS Slowhttptest,True
DoS Slowhttptest,1,ATTACK,1,0.3102751002898798,DoS Slowhttptest,True
DoS Slowhttptest,1,ATTACK,1,0.4440305468696433,DoS Slowhttptest,True
DoS Slowhttptest,1,ATTACK,1,0.4440305468696433,DoS Slowhttptest,True
DoS Slowhttptest,1,ATTACK,1,0.4440305468696434,DoS Slowhttptest,True
DoS Slowhttptest,1,ATTACK,1,0.4440305468696433,DoS Slowhttptest,True
DoS Slowhttptest,1,ATTACK,1,0.4440305468696434,DoS Slowhttptest,True
DoS Slowhttptest,1,ATTACK,1,0.4440305468696434,DoS Slowhttptest,True
DoS Slowhttptest,1,ATTACK,1,0.4440305468696434,DoS Slowhttptest,True
DoS Slowhttptest,1,ATTACK,1,0.4440305468696433,DoS Slowhttptest,True
DoS Slowhttptest,1,ATTACK,1,0.4440305468696433,DoS Slowhttptest,True
DoS Slowhttptest,1,ATTACK,1,0.4440305468696433,DoS Slowhttptest,True
DoS Slowhttptest,1,ATTACK,1,0.4440305468696433,DoS Slowhttptest,True
DoS Slowhttptest,1,ATTACK,1,0.4440305468696434,DoS Slowhttptest,True
DoS Slowhttptest,1,ATTACK,1,0.4440305468696434,DoS Slowhttptest,True
DoS Slowhttptest,1,ATTACK,1,0.4440305468696434,DoS Slowhttptest,True
DoS Slowhttptest,1,ATTACK,1,0.4440305468696433,DoS Slowhttptest,True
DoS Slowhttptest,1,ATTACK,1,0.4440305468696434,DoS Slowhttptest,True
DoS Slowhttptest,1,ATTACK,1,0.4440305468696433,DoS Slowhttptest,True
DoS Slowhttptest,1,ATTACK,1,0.4440305468696433,DoS Slowhttptest,True
DoS Slowhttptest,1,ATTACK,1,0.4440305468696433,DoS Slowhttptest,True
DoS Slowhttptest,1,ATTACK,1,0.4440305468696434,DoS Slowhttptest,True
DoS Slowhttptest,1,ATTACK,1,0.4440305468696434,DoS Slowhttptest,True
DoS Slowhttptest,1,ATTACK,1,0.4440305468696433,DoS Slowhttptest,True
DoS Slowhttptest,1,ATTACK,1,0.4440305468696433,DoS Slowhttptest,True
DoS Slowhttptest,1,ATTACK,1,0.4440305468696434,DoS Slowhttptest,True
DoS Slowhttptest,1,ATTACK,1,0.4440305468696433,DoS Slowhttptest,True
DoS Slowhttptest,1,ATTACK,1,0.4440305468696434,DoS Slowhttptest,True
DoS Slowhttptest,1,ATTACK,1,0.4440305468696433,DoS Slowhttptest,True
DoS Slowhttptest,1,ATTACK,1,0.4440305468696434,DoS Slowhttptest,True
DoS Slowhttptest,1,ATTACK,1,0.4440305468696433,DoS Slowhttptest,True
DoS Slowhttptest,1,ATTACK,1,0.4440305468696433,DoS Slowhttptest,True
DoS Slowhttptest,1,ATTACK,1,0.4440305468696434,DoS Slowhttptest,True
DoS Slowhttptest,1,ATTACK,1,0.4440305468696433,DoS Slowhttptest,True
DoS Slowhttptest,1,ATTACK,1,0.4440305468696433,DoS Slowhttptest,True
DoS Slowhttptest,1,ATTACK,1,0.4440305468696434,DoS Slowhttptest,True
DoS Slowhttptest,1,ATTACK,1,0.4440305468696434,DoS Slowhttptest,True
DoS Slowhttptest,1,ATTACK,1,0.4440305468696434,DoS Slowhttptest,True
DoS Slowhttptest,1,ATTACK,1,0.4440305468696434,DoS Slowhttptest,True
DoS Slowhttptest,1,ATTACK,1,0.4440305468696433,DoS Slowhttptest,True
DoS Slowhttptest,1,ATTACK,1,0.4440305468696434,DoS Slowhttptest,True
DoS Slowhttptest,1,ATTACK,1,0.4440305468696434,DoS Slowhttptest,True
DoS Slowhttptest,1,ATTACK,1,0.4440305468696433,DoS Slowhttptest,True
DoS Slowhttptest,1,ATTACK,1,0.4440305468696433,DoS Slowhttptest,True
DoS Slowhttptest,1,ATTACK,1,0.4440305468696433,DoS Slowhttptest,True
DoS Slowhttptest,1,ATTACK,1,0.4440305468696434,DoS Slowhttptest,True
DoS Slowhttptest,1,ATTACK,1,0.4440305468696434,DoS Slowhttptest,True
DoS Slowhttptest,1,ATTACK,1,0.4440305468696433,DoS Slowhttptest,True
DoS Slowhttptest,1,ATTACK,1,0.4440305468696433,DoS Slowhttptest,True
DoS Slowhttptest,1,ATTACK,1,0.4440305468696433,DoS Slowhttptest,True
DoS Slowhttptest,1,ATTACK,1,0.4440305468696433,DoS Slowhttptest,True
DoS Slowhttptest,1,ATTACK,1,0.4440305468696433,DoS Slowhttptest,True
DoS Slowhttptest,1,ATTACK,1,0.4440305468696433,DoS Slowhttptest,True
DoS Slowhttptest,1,ATTACK,1,0.4440305468696434,DoS Slowhttptest,True
DoS Slowhttptest,1,ATTACK,1,0.4440305468696433,DoS Slowhttptest,True
DoS Slowhttptest,1,ATTACK,1,0.4440305468696433,DoS Slowhttptest,True
DoS Slowhttptest,1,ATTACK,1,0.4440305468696434,DoS Slowhttptest,True
DoS Slowhttptest,1,ATTACK,1,0.4440305468696433,DoS Slowhttptest,True
DoS Slowhttptest,1,ATTACK,1,0.4440305468696434,DoS Slowhttptest,True
DoS Slowhttptest,1,ATTACK,1,0.4440305468696434,DoS Slowhttptest,True
DoS Slowhttptest,1,ATTACK,1,0.4440305468696434,DoS Slowhttptest,True
DoS Slowhttptest,1,ATTACK,1,0.4440305468696434,DoS Slowhttptest,True
DoS Slowhttptest,1,ATTACK,1,0.4440305468696434,DoS Slowhttptest,True
DoS Slowhttptest,1,ATTACK,1,0.4440305468696433,DoS Slowhttptest,True
DoS Slowhttptest,1,ATTACK,1,0.4440305468696433,DoS Slowhttptest,True
DoS Slowhttptest,1,ATTACK,1,0.4440305468696433,DoS Slowhttptest,True
DoS Slowhttptest,1,ATTACK,1,0.4440305468696434,DoS Slowhttptest,True
DoS Slowhttptest,1,ATTACK,1,0.4440305468696434,DoS Slowhttptest,True
DoS Slowhttptest,1,ATTACK,1,0.4440305468696433,DoS Slowhttptest,True
DoS Slowhttptest,1,ATTACK,1,0.4440305468696433,DoS Slowhttptest,True
DoS Slowhttptest,1,ATTACK,1,0.4440305468696433,DoS Slowhttptest,True
DoS Slowhttptest,1,ATTACK,1,0.4440305468696433,DoS Slowhttptest,True
DoS Slowhttptest,1,ATTACK,1,0.4440305468696434,DoS Slowhttptest,True
DoS Slowhttptest,1,ATTACK,1,0.4440305468696434,DoS Slowhttptest,True
DoS Slowhttptest,1,ATTACK,1,0.4440305468696434,DoS Slowhttptest,True
DoS Slowhttptest,1,ATTACK,1,0.4440305468696433,DoS Slowhttptest,True
DoS Slowhttptest,1,ATTACK,1,0.4440305468696433,DoS Slowhttptest,True
DoS Slowhttptest,1,ATTACK,1,0.4440305468696434,DoS Slowhttptest,True
DoS Slowhttptest,1,ATTACK,1,0.4440305468696434,DoS Slowhttptest,True
DoS Slowhttptest,1,ATTACK,1,0.4440305468696433,DoS Slowhttptest,True
DoS Slowhttptest,1,ATTACK,1,0.4440305468696434,DoS Slowhttptest,True
DoS Slowhttptest,1,ATTACK,1,0.4440305468696434,DoS Slowhttptest,True
DoS Slowhttptest,1,ATTACK,1,0.4440305468696433,DoS Slowhttptest,True
DoS Slowhttptest,1,ATTACK,1,0.4440305468696433,DoS Slowhttptest,True
DoS Slowhttptest,1,ATTACK,1,0.4440305468696433,DoS Slowhttptest,True
DoS Slowhttptest,1,ATTACK,1,0.4440305468696433,DoS Slowhttptest,True
DoS Slowhttptest,1,ATTACK,1,0.4440305468696433,DoS Slowhttptest,True
DoS Slowhttptest,1,ATTACK,1,0.4440305468696433,DoS Slowhttptest,True
DoS Slowhttptest,1,ATTACK,1,0.4440305468696434,DoS Slowhttptest,True
DoS Slowhttptest,1,ATTACK,1,0.4440305468696433,DoS Slowhttptest,True
DoS Slowhttptest,1,ATTACK,1,0.4440305468696433,DoS Slowhttptest,True
DoS Slowhttptest,1,ATTACK,1,0.4440305468696433,DoS Slowhttptest,True
DoS Slowhttptest,1,ATTACK,1,0.4440305468696434,DoS Slowhttptest,True
DoS Slowhttptest,1,ATTACK,1,0.4440305468696433,DoS Slowhttptest,True
DoS Slowhttptest,1,ATTACK,1,0.4440305468696434,DoS Slowhttptest,True
DoS Slowhttptest,1,ATTACK,1,0.4440305468696433,DoS Slowhttptest,True
DoS Slowhttptest,1,ATTACK,1,0.4440305468696434,DoS Slowhttptest,True
DoS Slowhttptest,1,ATTACK,1,0.4440305468696433,DoS Slowhttptest,True
DoS Slowhttptest,1,ATTACK,1,0.4440305468696434,DoS Slowhttptest,True
DoS Slowhttptest,1,ATTACK,1,0.4440305468696433,DoS Slowhttptest,True
DoS Slowhttptest,1,ATTACK,1,0.4440305468696433,DoS Slowhttptest,True
DoS Slowhttptest,1,ATTACK,1,0.4440305468696433,DoS Slowhttptest,True
DoS Slowhttptest,1,ATTACK,1,0.4440305468696434,DoS Slowhttptest,True
DoS Slowhttptest,1,ATTACK,1,0.4440305468696434,DoS Slowhttptest,True
DoS Slowhttptest,1,ATTACK,1,0.56689462463435,DoS Slowhttptest,True
DoS Slowhttptest,1,ATTACK,1,0.4440305468696433,DoS Slowhttptest,True
DoS Slowhttptest,1,ATTACK,1,0.4440305468696433,DoS Slowhttptest,True
DoS Slowhttptest,1,ATTACK,1,0.5668946246343501,DoS Slowhttptest,True
DoS Slowhttptest,1,ATTACK,1,0.4440305468696433,DoS Slowhttptest,True
DoS Slowhttptest,1,ATTACK,1,0.4440305468696434,DoS Slowhttptest,True
DoS Slowhttptest,1,ATTACK,1,0.4440305468696433,DoS Slowhttptest,True
DoS Slowhttptest,1,ATTACK,1,0.5693946246343501,DoS Slowhttptest,True
DoS Slowhttptest,1,ATTACK,1,0.5693946246343501,DoS Slowhttptest,True
DoS Slowhttptest,1,ATTACK,1,0.4440305468696433,DoS Slowhttptest,True
DoS Slowhttptest,1,ATTACK,1,0.4440305468696433,DoS Slowhttptest,True
DoS Slowhttptest,1,ATTACK,1,0.4440305468696434,DoS Slowhttptest,True
DoS Slowhttptest,1,ATTACK,1,0.4440305468696433,DoS Slowhttptest,True
DoS Slowhttptest,1,ATTACK,1,0.4440305468696434,DoS Slowhttptest,True
DoS Slowhttptest,1,ATTACK,1,0.4440305468696433,DoS Slowhttptest,True
DoS Slowhttptest,1,ATTACK,1,0.4440305468696433,DoS Slowhttptest,True
DoS Slowhttptest,1,ATTACK,1,0.4440305468696434,DoS Slowhttptest,True
DoS Slowhttptest,1,ATTACK,1,0.4440305468696433,DoS Slowhttptest,True
DoS Slowhttptest,1,ATTACK,1,0.4440305468696434,DoS Slowhttptest,True
DoS Slowhttptest,1,ATTACK,1,0.4440305468696434,DoS Slowhttptest,True
DoS Slowhttptest,1,ATTACK,1,0.4440305468696433,DoS Slowhttptest,True
DoS Slowhttptest,1,ATTACK,1,0.4440305468696433,DoS Slowhttptest,True
DoS Slowhttptest,1,ATTACK,1,0.4440305468696433,DoS Slowhttptest,True
DoS Slowhttptest,1,ATTACK,1,0.4440305468696433,DoS Slowhttptest,True
DoS Slowhttptest,1,ATTACK,1,0.4440305468696433,DoS Slowhttptest,True
DoS Slowhttptest,1,ATTACK,1,0.4440305468696433,DoS Slowhttptest,True
DoS Slowhttptest,1,ATTACK,1,0.4440305468696434,DoS Slowhttptest,True
DoS Slowhttptest,1,ATTACK,1,0.4440305468696433,DoS Slowhttptest,True
DoS Slowhttptest,1,ATTACK,1,0.4440305468696434,DoS Slowhttptest,True
DoS Slowhttptest,1,ATTACK,1,0.4440305468696433,DoS Slowhttptest,True
DoS Slowhttptest,1,ATTACK,1,0.4440305468696433,DoS Slowhttptest,True
DoS Slowhttptest,1,ATTACK,1,0.4440305468696433,DoS Slowhttptest,True
DoS Slowhttptest,1,ATTACK,1,0.4440305468696434,DoS Slowhttptest,True
DoS Slowhttptest,1,ATTACK,1,0.4440305468696433,DoS Slowhttptest,True
DoS Slowhttptest,1,ATTACK,1,0.4440305468696433,DoS Slowhttptest,True
DoS Slowhttptest,1,ATTACK,1,0.4440305468696433,DoS Slowhttptest,True
DoS Slowhttptest,1,ATTACK,1,0.4440305468696433,DoS Slowhttptest,True
DoS Slowhttptest,1,ATTACK,1,0.4440305468696434,DoS Slowhttptest,True
DoS Slowhttptest,1,ATTACK,1,0.4440305468696434,DoS Slowhttptest,True
DoS Slowhttptest,1,ATTACK,1,0.4440305468696433,DoS Slowhttptest,True
DoS Slowhttptest,1,ATTACK,1,0.4440305468696433,DoS Slowhttptest,True
DoS Slowhttptest,1,ATTACK,1,0.4440305468696433,DoS Slowhttptest,True
DoS Slowhttptest,1,ATTACK,1,0.4440305468696434,DoS Slowhttptest,True
DoS Slowhttptest,1,ATTACK,1,0.4440305468696434,DoS Slowhttptest,True
DoS Slowhttptest,1,ATTACK,1,0.4440305468696433,DoS Slowhttptest,True
DoS Slowhttptest,1,ATTACK,1,0.4440305468696433,DoS Slowhttptest,True
DoS Slowhttptest,1,ATTACK,1,0.4440305468696433,DoS Slowhttptest,True
DoS Slowhttptest,1,ATTACK,1,0.4440305468696433,DoS Slowhttptest,True
DoS Slowhttptest,1,ATTACK,1,0.4440305468696433,DoS Slowhttptest,True
DoS Slowhttptest,1,ATTACK,1,0.4440305468696433,DoS Slowhttptest,True
DoS Slowhttptest,1,ATTACK,1,0.4440305468696433,DoS Slowhttptest,True
DoS Slowhttptest,1,ATTACK,1,0.4440305468696433,DoS Slowhttptest,True
DoS Slowhttptest,1,ATTACK,1,0.4440305468696434,DoS Slowhttptest,True
DoS Slowhttptest,1,ATTACK,1,0.4440305468696433,DoS Slowhttptest,True
DoS Slowhttptest,1,ATTACK,1,0.4440305468696434,DoS Slowhttptest,True
DoS Slowhttptest,1,ATTACK,1,0.4440305468696433,DoS Slowhttptest,True
DoS Slowhttptest,1,ATTACK,1,0.4440305468696433,DoS Slowhttptest,True
DoS Slowhttptest,1,ATTACK,1,0.4440305468696433,DoS Slowhttptest,True
DoS Slowhttptest,1,ATTACK,1,0.4440305468696434,DoS Slowhttptest,True
DoS Slowhttptest,1,ATTACK,1,0.4440305468696433,DoS Slowhttptest,True
DoS Slowhttptest,1,ATTACK,1,0.4440305468696433,DoS Slowhttptest,True
DoS Slowhttptest,1,ATTACK,1,0.4440305468696434,DoS Slowhttptest,True
DoS Slowhttptest,1,ATTACK,1,0.4440305468696434,DoS Slowhttptest,True
DoS Slowhttptest,1,ATTACK,1,0.4440305468696433,DoS Slowhttptest,True
DoS Slowhttptest,1,ATTACK,1,0.6019623993347429,DoS Slowhttptest,True
DoS Slowhttptest,1,ATTACK,1,0.6019623993347429,DoS Slowhttptest,True
DoS Slowhttptest,1,ATTACK,1,0.6029408036811936,DoS Slowhttptest,True
DoS Slowhttptest,1,ATTACK,1,0.6029408036811936,DoS Slowhttptest,True
DoS Slowhttptest,1,ATTACK,1,0.287709534812978,DoS slowloris,True
DoS Slowhttptest,1,ATTACK,1,0.287709534812978,DoS slowloris,True
DoS Slowhttptest,1,ATTACK,1,0.287709534812978,DoS slowloris,True
DoS Slowhttptest,1,ATTACK,1,0.4367980043033867,DoS Slowhttptest,True
DoS Slowhttptest,1,ATTACK,1,0.2229469978002436,DoS Slowhttptest,True
DoS Slowhttptest,1,ATTACK,1,0.2229469978002436,DoS Slowhttptest,True
DoS Slowhttptest,1,ATTACK,1,0.2229469978002436,DoS Slowhttptest,True
DoS Slowhttptest,1,ATTACK,1,0.2598740632208203,DoS Slowhttptest,True
DoS Slowhttptest,1,ATTACK,1,0.2598740632208204,DoS Slowhttptest,True
DoS Slowhttptest,1,ATTACK,1,0.2598740632208203,DoS Slowhttptest,True
DoS Slowhttptest,1,ATTACK,1,0.2598740632208203,DoS Slowhttptest,True
DoS Slowhttptest,1,ATTACK,1,0.2598740632208203,DoS Slowhttptest,True
DoS Slowhttptest,1,ATTACK,1,0.2598740632208203,DoS Slowhttptest,True
DoS Slowhttptest,1,ATTACK,1,0.2598740632208203,DoS Slowhttptest,True
DoS Slowhttptest,1,ATTACK,1,0.2598740632208203,DoS Slowhttptest,True
DoS Slowhttptest,1,ATTACK,1,0.2598740632208203,DoS Slowhttptest,True
DoS Slowhttptest,1,ATTACK,1,0.2598740632208203,DoS Slowhttptest,True
DoS Slowhttptest,1,ATTACK,1,0.2598740632208203,DoS Slowhttptest,True
DoS Slowhttptest,1,ATTACK,1,0.2598740632208203,DoS Slowhttptest,True
DoS Slowhttptest,1,ATTACK,1,0.2598740632208203,DoS Slowhttptest,True
DoS Slowhttptest,1,ATTACK,1,0.2598740632208203,DoS Slowhttptest,True
DoS Slowhttptest,1,ATTACK,1,0.2598740632208203,DoS Slowhttptest,True
DoS Slowhttptest,1,ATTACK,1,0.2598740632208203,DoS Slowhttptest,True
DoS Slowhttptest,1,ATTACK,1,0.2598740632208203,DoS Slowhttptest,True
DoS Slowhttptest,1,ATTACK,1,0.2598740632208203,DoS Slowhttptest,True
DoS Slowhttptest,1,ATTACK,1,0.2598740632208204,DoS Slowhttptest,True
DoS Slowhttptest,1,ATTACK,1,0.2598740632208203,DoS Slowhttptest,True
DoS Slowhttptest,1,ATTACK,1,0.3996075646943622,DoS Slowhttptest,True
DoS Slowhttptest,1,ATTACK,1,0.4440305468696433,DoS Slowhttptest,True
DoS Slowhttptest,1,ATTACK,1,0.4440305468696433,DoS Slowhttptest,True
DoS Slowhttptest,1,ATTACK,1,0.4440305468696434,DoS Slowhttptest,True
DoS Slowhttptest,1,ATTACK,1,0.4440305468696433,DoS Slowhttptest,True
DoS Slowhttptest,1,ATTACK,1,0.4440305468696434,DoS Slowhttptest,True
DoS Slowhttptest,1,ATTACK,1,0.4440305468696433,DoS Slowhttptest,True
DoS Slowhttptest,1,ATTACK,1,0.4440305468696434,DoS Slowhttptest,True
DoS Slowhttptest,1,ATTACK,1,0.4440305468696434,DoS Slowhttptest,True
DoS Slowhttptest,1,ATTACK,1,0.4440305468696433,DoS Slowhttptest,True
DoS Slowhttptest,1,ATTACK,1,0.4440305468696433,DoS Slowhttptest,True
DoS Slowhttptest,1,ATTACK,1,0.4440305468696434,DoS Slowhttptest,True
DoS Slowhttptest,1,ATTACK,1,0.4440305468696433,DoS Slowhttptest,True
DoS Slowhttptest,1,ATTACK,1,0.4440305468696434,DoS Slowhttptest,True
DoS Slowhttptest,1,ATTACK,1,0.4440305468696434,DoS Slowhttptest,True
DoS Slowhttptest,1,ATTACK,1,0.4440305468696434,DoS Slowhttptest,True
DoS Slowhttptest,1,ATTACK,1,0.4440305468696434,DoS Slowhttptest,True
DoS Slowhttptest,1,ATTACK,1,0.4440305468696433,DoS Slowhttptest,True
DoS Slowhttptest,1,ATTACK,1,0.4440305468696434,DoS Slowhttptest,True
DoS Slowhttptest,1,ATTACK,1,0.4440305468696434,DoS Slowhttptest,True
DoS Slowhttptest,1,ATTACK,1,0.4440305468696434,DoS Slowhttptest,True
DoS Slowhttptest,1,ATTACK,1,0.4440305468696434,DoS Slowhttptest,True
DoS Slowhttptest,1,ATTACK,1,0.4440305468696434,DoS Slowhttptest,True
DoS Slowhttptest,1,ATTACK,1,0.4440305468696434,DoS Slowhttptest,True
DoS Slowhttptest,1,ATTACK,1,0.4440305468696434,DoS Slowhttptest,True
DoS Slowhttptest,1,ATTACK,1,0.4440305468696434,DoS Slowhttptest,True
DoS Slowhttptest,1,ATTACK,1,0.4440305468696433,DoS Slowhttptest,True
DoS Slowhttptest,1,ATTACK,1,0.4440305468696433,DoS Slowhttptest,True
DoS Slowhttptest,1,ATTACK,1,0.4440305468696433,DoS Slowhttptest,True
DoS Slowhttptest,1,ATTACK,1,0.4440305468696434,DoS Slowhttptest,True
DoS Slowhttptest,1,ATTACK,1,0.4440305468696433,DoS Slowhttptest,True
DoS Slowhttptest,1,ATTACK,1,0.4440305468696433,DoS Slowhttptest,True
DoS Slowhttptest,1,ATTACK,1,0.4440305468696434,DoS Slowhttptest,True
DoS Slowhttptest,1,ATTACK,1,0.4440305468696433,DoS Slowhttptest,True
DoS Slowhttptest,1,ATTACK,1,0.4440305468696433,DoS Slowhttptest,True
DoS Slowhttptest,1,ATTACK,1,0.4440305468696433,DoS Slowhttptest,True
DoS Slowhttptest,1,ATTACK,1,0.4440305468696433,DoS Slowhttptest,True
DoS Slowhttptest,1,ATTACK,1,0.4440305468696433,DoS Slowhttptest,True
DoS Slowhttptest,1,ATTACK,1,0.4440305468696433,DoS Slowhttptest,True
DoS Slowhttptest,1,ATTACK,1,0.5635612913010167,DoS slowloris,True
DoS Slowhttptest,1,ATTACK,1,0.4440305468696433,DoS Slowhttptest,True
DoS Slowhttptest,1,ATTACK,1,0.4440305468696434,DoS Slowhttptest,True
DoS Slowhttptest,1,ATTACK,1,0.4440305468696433,DoS Slowhttptest,True
DoS Slowhttptest,1,ATTACK,1,0.4440305468696434,DoS Slowhttptest,True
DoS Slowhttptest,1,ATTACK,1,0.4440305468696433,DoS Slowhttptest,True
DoS Slowhttptest,1,ATTACK,1,0.4440305468696434,DoS Slowhttptest,True
DoS Slowhttptest,1,ATTACK,1,0.4440305468696434,DoS Slowhttptest,True
DoS Slowhttptest,1,ATTACK,1,0.4440305468696433,DoS Slowhttptest,True
DoS Slowhttptest,1,ATTACK,1,0.4440305468696433,DoS Slowhttptest,True
DoS Slowhttptest,1,ATTACK,1,0.4440305468696434,DoS Slowhttptest,True
DoS Slowhttptest,1,ATTACK,1,0.4440305468696433,DoS Slowhttptest,True
DoS Slowhttptest,1,ATTACK,1,0.4440305468696434,DoS Slowhttptest,True
DoS Slowhttptest,1,ATTACK,1,0.4440305468696433,DoS Slowhttptest,True
DoS Slowhttptest,1,ATTACK,1,0.4440305468696433,DoS Slowhttptest,True
DoS Slowhttptest,1,ATTACK,1,0.4440305468696433,DoS Slowhttptest,True
DoS Slowhttptest,1,ATTACK,1,0.4440305468696434,DoS Slowhttptest,True
DoS Slowhttptest,1,ATTACK,1,0.4440305468696433,DoS Slowhttptest,True
DoS Slowhttptest,1,ATTACK,1,0.4440305468696433,DoS Slowhttptest,True
DoS Slowhttptest,1,ATTACK,1,0.4440305468696434,DoS Slowhttptest,True
DoS Slowhttptest,1,ATTACK,1,0.4440305468696433,DoS Slowhttptest,True
DoS Slowhttptest,1,ATTACK,1,0.4440305468696433,DoS Slowhttptest,True
DoS Slowhttptest,1,ATTACK,1,0.4440305468696433,DoS Slowhttptest,True
DoS Slowhttptest,1,ATTACK,1,0.4440305468696433,DoS Slowhttptest,True
DoS Slowhttptest,1,ATTACK,1,0.4440305468696434,DoS Slowhttptest,True
DoS Slowhttptest,1,ATTACK,1,0.4440305468696434,DoS Slowhttptest,True
DoS Slowhttptest,1,ATTACK,1,0.4440305468696433,DoS Slowhttptest,True
DoS Slowhttptest,1,ATTACK,1,0.4440305468696433,DoS Slowhttptest,True
DoS Slowhttptest,1,ATTACK,1,0.4440305468696433,DoS Slowhttptest,True
DoS Slowhttptest,1,ATTACK,1,0.4440305468696433,DoS Slowhttptest,True
DoS Slowhttptest,1,ATTACK,1,0.4440305468696434,DoS Slowhttptest,True
DoS Slowhttptest,1,ATTACK,1,0.4440305468696433,DoS Slowhttptest,True
DoS Hulk,1,ATTACK,1,0.9975486910472062,DoS Hulk,True
DoS Hulk,1,ATTACK,1,0.9975486910472062,DoS Hulk,True
DoS Hulk,1,ATTACK,1,0.9853089268153864,DoS Hulk,True
DoS Hulk,1,ATTACK,1,0.9982250006262868,DoS Hulk,True
DoS Hulk,1,ATTACK,1,0.9975486910472062,DoS Hulk,True
DoS Hulk,1,ATTACK,1,0.9975486910472062,DoS Hulk,True
DoS Hulk,1,ATTACK,1,0.992225249678659,DoS Hulk,True
DoS Hulk,1,ATTACK,1,0.9975486910472062,DoS Hulk,True
DoS Hulk,1,ATTACK,1,0.6697714061994888,DoS Hulk,True
DoS Hulk,1,ATTACK,1,0.9973870452983826,DoS Hulk,True
DoS Hulk,1,ATTACK,1,0.9975486910472062,DoS Hulk,True
DoS Hulk,1,ATTACK,1,0.9973870452983828,DoS Hulk,True
DoS Hulk,1,ATTACK,1,0.992225249678659,DoS Hulk,True
DoS Hulk,1,ATTACK,1,0.9973870452983828,DoS Hulk,True
DoS Hulk,1,ATTACK,1,0.9973870452983828,DoS Hulk,True
DoS Hulk,1,ATTACK,1,0.9807464816274718,DoS Hulk,True
DoS Hulk,1,ATTACK,1,0.9975486910472062,DoS Hulk,True
DoS Hulk,1,ATTACK,1,0.970543299884664,DoS Hulk,True
DoS Hulk,1,ATTACK,1,0.9837454320766724,DoS Hulk,True
DoS Hulk,1,ATTACK,1,0.9807464816274718,DoS Hulk,True
DoS Hulk,1,ATTACK,1,0.9975486910472062,DoS Hulk,True
DoS Hulk,1,ATTACK,1,0.9982250006262868,DoS Hulk,True
DoS Hulk,1,ATTACK,1,0.9975486910472062,DoS Hulk,True
DoS Hulk,1,ATTACK,1,0.9973870452983826,DDoS,True
DoS Hulk,1,ATTACK,1,0.9975486910472062,DoS Hulk,True
DoS Hulk,1,ATTACK,1,0.9982250006262868,DoS Hulk,True
DoS Hulk,1,ATTACK,1,0.992225249678659,DoS Hulk,True
DoS Hulk,1,ATTACK,1,0.9973870452983828,DDoS,True
DoS Hulk,1,ATTACK,1,0.9975486910472062,DoS Hulk,True
DoS Hulk,1,ATTACK,1,0.9973870452983826,DoS Hulk,True
DoS Hulk,1,ATTACK,1,0.9844784457456972,DoS Hulk,True
DoS Hulk,1,ATTACK,1,0.9975486910472062,DoS Hulk,True
DoS Hulk,1,ATTACK,1,0.9975486910472062,DoS Hulk,True
DoS Hulk,1,ATTACK,1,0.9973870452983828,DoS Hulk,True
DoS Hulk,1,ATTACK,1,0.9705432998846638,DoS Hulk,True
DoS Hulk,1,ATTACK,1,0.9844353612811844,DoS Hulk,True
DoS Hulk,1,ATTACK,1,0.9975486910472062,DoS Hulk,True
DoS Hulk,1,ATTACK,1,0.9973870452983828,DDoS,True
DoS Hulk,1,ATTACK,1,0.992225249678659,DDoS,True
DoS Hulk,1,ATTACK,1,0.9973870452983828,DDoS,True
DoS Hulk,1,ATTACK,1,0.9975486910472062,DoS Hulk,True
DoS Hulk,1,ATTACK,1,0.9975712445022036,DoS Hulk,True
DoS Hulk,1,ATTACK,1,0.9975486910472062,DDoS,True
DoS Hulk,1,ATTACK,1,0.9948870452983828,DDoS,True
DoS Hulk,1,ATTACK,1,0.9975486910472062,DDoS,True
DoS Hulk,1,ATTACK,1,0.9975486910472062,DDoS,True
DoS Hulk,1,ATTACK,1,0.9975486910472062,DDoS,True
DoS Hulk,1,ATTACK,1,0.9975486910472062,DDoS,True
DoS Hulk,1,ATTACK,1,0.9975486910472062,DDoS,True
DoS Hulk,1,ATTACK,1,0.9975486910472062,DDoS,True
DoS Hulk,1,ATTACK,1,0.9975486910472062,DDoS,True
DoS Hulk,1,ATTACK,1,0.9821541731945098,DoS Hulk,True
DoS Hulk,1,ATTACK,1,0.9975486910472062,DDoS,True
DoS Hulk,1,ATTACK,1,0.9821541731945096,DoS Hulk,True
DoS Hulk,1,ATTACK,1,0.9975486910472062,DoS Hulk,True
DoS Hulk,1,ATTACK,1,0.9821541731945096,DoS Hulk,True
DoS Hulk,1,ATTACK,1,0.9975486910472062,DoS Hulk,True
DoS Hulk,1,ATTACK,1,0.9705432998846636,DoS Hulk,True
DoS Hulk,1,ATTACK,1,0.9982250006262868,DoS Hulk,True
DoS Hulk,1,ATTACK,1,0.9973870452983828,DDoS,True
DoS Hulk,1,ATTACK,1,0.9807464816274716,DoS Hulk,True
DoS Hulk,1,ATTACK,1,0.9924916416793548,DDoS,True
DoS Hulk,1,ATTACK,1,0.9982250006262868,DoS Hulk,True
DoS Hulk,1,ATTACK,1,0.9705432998846638,DoS Hulk,True
DoS Hulk,1,ATTACK,1,0.9855137735681718,DoS Hulk,True
DoS Hulk,1,ATTACK,1,0.9976358316652758,DDoS,True
DoS Hulk,1,ATTACK,1,0.9976358316652758,DDoS,True
DoS Hulk,1,ATTACK,1,0.9924916416793548,DDoS,True
DoS Hulk,1,ATTACK,1,0.9713890933109462,DoS Hulk,True
DoS Hulk,1,ATTACK,1,0.9807464816274716,DoS Hulk,True
DoS Hulk,1,ATTACK,1,0.9982250006262868,DoS Hulk,True
DoS Hulk,1,ATTACK,1,0.9982250006262868,DoS Hulk,True
DoS Hulk,1,ATTACK,1,0.9982250006262868,DoS Hulk,True
DoS Hulk,1,ATTACK,1,0.9924432155292338,DDoS,True
DoS Hulk,1,ATTACK,1,0.9975486910472062,DoS Hulk,True
DoS Hulk,1,ATTACK,1,0.9976534372990788,DDoS,True
DoS Hulk,1,ATTACK,1,0.997735454647106,DoS Hulk,True
DoS Hulk,1,ATTACK,1,0.9976534372990788,DDoS,True
DoS Hulk,1,ATTACK,1,0.9705432998846636,DoS Hulk,True
DoS Hulk,1,ATTACK,1,0.9975486910472062,DoS Hulk,True
DoS Hulk,1,ATTACK,1,0.997735454647106,DoS Hulk,True
DoS Hulk,1,ATTACK,1,0.9982250006262868,DoS Hulk,True
DoS Hulk,1,ATTACK,1,0.997735454647106,DoS Hulk,True
DoS Hulk,1,ATTACK,1,0.9821541731945096,DoS Hulk,True
DoS Hulk,1,ATTACK,1,0.9821541731945096,DoS Hulk,True
DoS Hulk,1,ATTACK,1,0.997735454647106,DoS Hulk,True
DoS Hulk,1,ATTACK,1,0.9982250006262868,DoS Hulk,True
DoS Hulk,1,ATTACK,1,0.9982250006262868,DoS Hulk,True
DoS Hulk,1,ATTACK,1,0.9829030710191752,DoS Hulk,True
DoS Hulk,1,ATTACK,1,0.997735454647106,DoS Hulk,True
DoS Hulk,1,ATTACK,1,0.997735454647106,DoS Hulk,True
DoS Hulk,1,ATTACK,1,0.9807464816274716,DoS Hulk,True
DoS Hulk,1,ATTACK,1,0.9976534372990788,DDoS,True
DoS Hulk,1,ATTACK,1,0.9984117642261866,DoS Hulk,True
DoS Hulk,1,ATTACK,1,0.997735454647106,DoS Hulk,True
DoS Hulk,1,ATTACK,1,0.9705432998846636,DoS Hulk,True
DoS Hulk,1,ATTACK,1,0.997735454647106,DDoS,True
DoS Hulk,1,ATTACK,1,0.9976534372990788,DoS Hulk,True
DoS Hulk,1,ATTACK,1,0.997735454647106,DoS Hulk,True
DoS Hulk,1,ATTACK,1,0.9976534372990788,DDoS,True
DoS Hulk,1,ATTACK,1,0.997735454647106,DoS Hulk,True
DoS Hulk,1,ATTACK,1,0.9976046568112736,DoS Hulk,True
DoS Hulk,1,ATTACK,1,0.997735454647106,DoS Hulk,True
DoS Hulk,1,ATTACK,1,0.9976534372990788,DoS Hulk,True
DoS Hulk,1,ATTACK,1,0.9705432998846636,DoS Hulk,True
DoS Hulk,1,ATTACK,1,0.997735454647106,DoS Hulk,True
DoS Hulk,1,ATTACK,1,0.9984117642261866,DoS Hulk,True
DoS Hulk,1,ATTACK,1,0.9909117642261864,DoS Hulk,True
DoS Hulk,1,ATTACK,1,0.9984117642261866,DoS Hulk,True
DoS Hulk,1,ATTACK,1,0.9837454320766724,DoS Hulk,True
DoS Hulk,1,ATTACK,1,0.9807464816274718,DoS Hulk,True
DoS Hulk,1,ATTACK,1,0.997721003780054,DoS Hulk,True
DoS Hulk,1,ATTACK,1,0.997721003780054,DoS Hulk,True
DoS Hulk,1,ATTACK,1,0.9984117642261866,DoS Hulk,True
DoS Hulk,1,ATTACK,1,0.99770763535058,DDoS,True
DoS Hulk,1,ATTACK,1,0.99678741396545,DDoS,True
DoS Hulk,1,ATTACK,1,0.980746481627472,DoS Hulk,True
DoS Hulk,1,ATTACK,1,0.997721003780054,DoS Hulk,True
DoS Hulk,1,ATTACK,1,0.9983973133591344,DoS Hulk,True
DoS Hulk,1,ATTACK,1,0.9983973133591344,DoS Hulk,True
DoS Hulk,1,ATTACK,1,0.997735454647106,DoS Hulk,True
DoS Hulk,1,ATTACK,1,0.9855889097649886,DDoS,True
DoS Hulk,1,ATTACK,1,0.9797539791970572,DoS Hulk,True
DoS Hulk,1,ATTACK,1,0.9705432998846638,DoS Hulk,True
DoS Hulk,1,ATTACK,1,0.9854764773954876,DDoS,True
DoS Hulk,1,ATTACK,1,0.9983973133591344,DoS Hulk,True
DoS Hulk,1,ATTACK,1,0.9807464816274718,DoS Hulk,True
DoS Hulk,1,ATTACK,1,0.997735454647106,DoS Hulk,True
DoS Hulk,1,ATTACK,1,0.9977958757259648,DoS Hulk,True
DoS Hulk,1,ATTACK,1,0.997735454647106,DDoS,True
DoS Hulk,1,ATTACK,1,0.9807464816274716,DoS Hulk,True
DoS Hulk,1,ATTACK,1,0.9983973133591344,DDoS,True
DoS Hulk,1,ATTACK,1,0.9977958757259648,DoS Hulk,True
DoS Hulk,1,ATTACK,1,0.9977958757259648,DDoS,True
DoS Hulk,1,ATTACK,1,0.9977958757259648,DoS Hulk,True
DoS Hulk,1,ATTACK,1,0.9977958757259648,DDoS,True
DoS Hulk,1,ATTACK,1,0.9855315853376038,DDoS,True
DoS Hulk,1,ATTACK,1,0.9977958757259648,DoS Hulk,True
DoS Hulk,1,ATTACK,1,0.9807464816274716,DoS Hulk,True
DoS Hulk,1,ATTACK,1,0.9977958757259648,DoS Hulk,True
DoS Hulk,1,ATTACK,1,0.9807464816274716,DoS Hulk,True
DoS Hulk,1,ATTACK,1,0.9977958757259648,DoS Hulk,True
DoS Hulk,1,ATTACK,1,0.9948532815861412,DDoS,True
DoS Hulk,1,ATTACK,1,0.9977958757259648,DDoS,True
DoS Hulk,1,ATTACK,1,0.9977958757259648,DDoS,True
DoS Hulk,1,ATTACK,1,0.9977958757259648,DDoS,True
DoS Hulk,1,ATTACK,1,0.9977958757259648,DDoS,True
DoS Hulk,1,ATTACK,1,0.9977958757259648,DDoS,True
DoS Hulk,1,ATTACK,1,0.9977958757259648,DDoS,True
DoS Hulk,1,ATTACK,1,0.9977958757259648,DDoS,True
DoS Hulk,1,ATTACK,1,0.9977958757259648,DDoS,True
DoS Hulk,1,ATTACK,1,0.9821541731945096,DoS Hulk,True
DoS Hulk,1,ATTACK,1,0.9837454320766724,DoS Hulk,True
DoS Hulk,1,ATTACK,1,0.9977958757259648,DDoS,True
DoS Hulk,1,ATTACK,1,0.9977958757259648,DDoS,True
DoS Hulk,1,ATTACK,1,0.9977958757259648,DoS Hulk,True
DoS Hulk,1,ATTACK,1,0.984045875725965,DoS Hulk,True
DoS Hulk,1,ATTACK,1,0.9977958757259648,DDoS,True
DoS Hulk,1,ATTACK,1,0.9705432998846636,DoS Hulk,True
DoS Hulk,1,ATTACK,1,0.9977958757259648,DDoS,True
DoS Hulk,1,ATTACK,1,0.9821541731945096,DoS Hulk,True
DoS Hulk,1,ATTACK,1,0.9948532815861412,DDoS,True
DoS Hulk,1,ATTACK,1,0.9977958757259648,DDoS,True
DoS Hulk,1,ATTACK,1,0.9977958757259648,DoS Hulk,True
DoS Hulk,1,ATTACK,1,0.980746481627472,DoS Hulk,True
DoS Hulk,1,ATTACK,1,0.9977958757259648,DoS Hulk,True
DoS Hulk,1,ATTACK,1,0.9977958757259648,DoS Hulk,True
DoS Hulk,1,ATTACK,1,0.9977958757259648,DoS Hulk,True
DoS Hulk,1,ATTACK,1,0.9977958757259648,DoS Hulk,True
DoS Hulk,1,ATTACK,1,0.9984721853050454,DoS Hulk,True
DoS Hulk,1,ATTACK,1,0.9977958757259648,DoS Hulk,True
DoS Hulk,1,ATTACK,1,0.9977958757259648,DoS Hulk,True
DoS Hulk,1,ATTACK,1,0.9821541731945096,DoS Hulk,True
DoS Hulk,1,ATTACK,1,0.9977958757259648,DoS Hulk,True
DoS Hulk,1,ATTACK,1,0.9977958757259648,DoS Hulk,True
DoS Hulk,1,ATTACK,1,0.9977958757259648,DoS Hulk,True
DoS Hulk,1,ATTACK,1,0.9977958757259648,DoS Hulk,True
DoS Hulk,1,ATTACK,1,0.9977958757259648,DoS Hulk,True
DoS Hulk,1,ATTACK,1,0.9977958757259648,DoS Hulk,True
DoS Hulk,1,ATTACK,1,0.9948528916048712,DDoS,True
DoS Hulk,1,ATTACK,1,0.9984721853050454,DoS Hulk,True
DoS Hulk,1,ATTACK,1,0.997501141221425,DoS Hulk,True
DoS Hulk,1,ATTACK,1,0.997501141221425,DoS Hulk,True
DoS Hulk,1,ATTACK,1,0.9978136412214248,DoS Hulk,True
DoS Hulk,1,ATTACK,1,0.9821541731945098,DoS Hulk,True
DoS Hulk,1,ATTACK,1,0.997501141221425,DoS Hulk,True
DoS Hulk,1,ATTACK,1,0.9978136412214248,DoS Hulk,True
DoS Hulk,1,ATTACK,1,0.9807464816274718,DoS Hulk,True
DoS Hulk,1,ATTACK,1,0.9978136412214248,DoS Hulk,True
DoS Hulk,1,ATTACK,1,0.9948528916048712,DDoS,True
DoS Hulk,1,ATTACK,1,0.9978136412214248,DoS Hulk,True
DoS Hulk,1,ATTACK,1,0.9978136412214248,DoS Hulk,True
DoS Hulk,1,ATTACK,1,0.9978136412214248,DoS Hulk,True
DoS Hulk,1,ATTACK,1,0.9948528916048712,DoS Hulk,True
DoS Hulk,1,ATTACK,1,0.9978136412214248,DoS Hulk,True
DoS Hulk,1,ATTACK,1,0.9807464816274716,DoS Hulk,True
DoS Hulk,1,ATTACK,1,0.9948528916048712,DDoS,True
DoS Hulk,1,ATTACK,1,0.9705432998846638,DoS Hulk,True
DoS Hulk,1,ATTACK,1,0.9705432998846638,DoS Hulk,True
DoS Hulk,1,ATTACK,1,0.9948528916048712,DDoS,True
DoS Hulk,1,ATTACK,1,0.971389093310946,DoS Hulk,True
DoS Hulk,1,ATTACK,1,0.9978136412214248,DoS Hulk,True
DoS Hulk,1,ATTACK,1,0.9821541731945098,DoS Hulk,True
DoS Hulk,1,ATTACK,1,0.9978136412214248,DoS Hulk,True
DoS Hulk,1,ATTACK,1,0.9807464816274716,DoS Hulk,True
DoS Hulk,1,ATTACK,1,0.9948528916048712,DDoS,True
DoS Hulk,1,ATTACK,1,0.9978136412214248,DoS Hulk,True
DoS Hulk,1,ATTACK,1,0.9978136412214248,DoS Hulk,True
DoS Hulk,1,ATTACK,1,0.9978136412214248,DoS Hulk,True
DoS Hulk,1,ATTACK,1,0.9844441991703546,DoS Hulk,True
DoS Hulk,1,ATTACK,1,0.9978136412214248,DoS Hulk,True
DoS Hulk,1,ATTACK,1,0.9978136412214248,DoS Hulk,True
DoS Hulk,1,ATTACK,1,0.9978136412214248,DoS Hulk,True
DoS Hulk,1,ATTACK,1,0.9978136412214248,DoS Hulk,True
DoS Hulk,1,ATTACK,1,0.9948583680561308,DoS Hulk,True
DoS Hulk,1,ATTACK,1,0.9968055186383789,DoS Hulk,True
DoS Hulk,1,ATTACK,1,0.9948583680561308,DoS Hulk,True
DoS Hulk,1,ATTACK,1,0.9978136412214248,DoS Hulk,True
DoS Hulk,1,ATTACK,1,0.9978259994651004,DoS Hulk,True
DoS Hulk,1,ATTACK,1,0.9705432998846638,DoS Hulk,True
DoS Hulk,1,ATTACK,1,0.9978259994651004,DoS Hulk,True
DoS Hulk,1,ATTACK,1,0.9978259994651004,DoS Hulk,True
DoS Hulk,1,ATTACK,1,0.9978259994651004,DoS Hulk,True
DoS Hulk,1,ATTACK,1,0.9837012328772636,DoS Hulk,True
DoS Hulk,1,ATTACK,1,0.9978259994651004,DoS Hulk,True
DoS Hulk,1,ATTACK,1,0.9978259994651004,DoS Hulk,True
DoS Hulk,1,ATTACK,1,0.9978259994651004,DoS Hulk,True
DoS Hulk,1,ATTACK,1,0.9948583680561308,DoS Hulk,True
DoS Hulk,1,ATTACK,1,0.9807464816274716,DoS Hulk,True
DoS Hulk,1,ATTACK,1,0.9978259994651004,DoS Hulk,True
DoS Hulk,1,ATTACK,1,0.9807464816274716,DoS Hulk,True
DoS Hulk,1,ATTACK,1,0.9984721853050454,DoS Hulk,True
DoS Hulk,1,ATTACK,1,0.9713890933109462,DoS Hulk,True
DoS Hulk,1,ATTACK,1,0.9978259994651004,DoS Hulk,True
DoS Hulk,1,ATTACK,1,0.9948583680561308,DDoS,True
DoS Hulk,1,ATTACK,1,0.9948583680561308,DoS Hulk,True
DoS Hulk,1,ATTACK,1,0.9978259994651004,DoS Hulk,True
DoS Hulk,1,ATTACK,1,0.9821541731945096,DoS Hulk,True
DoS Hulk,1,ATTACK,1,0.9978259994651004,DoS Hulk,True
DoS Hulk,1,ATTACK,1,0.9842689759300854,DoS Hulk,True
DoS Hulk,1,ATTACK,1,0.9978259994651004,DoS Hulk,True
DoS Hulk,1,ATTACK,1,0.9844115851483828,DoS Hulk,True
DoS Hulk,1,ATTACK,1,0.9978259994651004,DoS Hulk,True
DoS Hulk,1,ATTACK,1,0.9978259994651004,DoS Hulk,True
DoS Hulk,1,ATTACK,1,0.9948583680561308,DoS Hulk,True
DoS Hulk,1,ATTACK,1,0.9807464816274716,DoS Hulk,True
DoS Hulk,1,ATTACK,1,0.9670958046452708,DoS Hulk,True
DoS Hulk,1,ATTACK,1,0.9978259994651004,DoS Hulk,True
DoS Hulk,1,ATTACK,1,0.9837012328772636,DoS Hulk,True
DoS Hulk,1,ATTACK,1,0.9978259994651004,DoS Hulk,True
DoS Hulk,1,ATTACK,1,0.9948583680561308,DoS Hulk,True
DoS Hulk,1,ATTACK,1,0.9978259994651004,DoS Hulk,True
DoS Hulk,1,ATTACK,1,0.9983159353050456,DoS Hulk,True
DoS Hulk,1,ATTACK,1,0.9978259994651004,DoS Hulk,True
DoS Hulk,1,ATTACK,1,0.9705432998846636,DoS Hulk,True
DoS Hulk,1,ATTACK,1,0.9978259994651004,DoS Hulk,True
DoS Hulk,1,ATTACK,1,0.9978259994651004,DoS Hulk,True
DoS Hulk,1,ATTACK,1,0.9948583680561308,DDoS,True
DoS Hulk,1,ATTACK,1,0.984982601971712,DoS Hulk,True
DoS Hulk,1,ATTACK,1,0.9978259994651004,DoS Hulk,True
DoS Hulk,1,ATTACK,1,0.9978259994651004,DoS Hulk,True
DoS Hulk,1,ATTACK,1,0.9978259994651004,DoS Hulk,True
DoS Hulk,1,ATTACK,1,0.9713890933109462,DoS Hulk,True
DoS Hulk,1,ATTACK,1,0.970543299884664,DoS Hulk,True
DoS Hulk,1,ATTACK,1,0.9966492686383788,DoS Hulk,True
DoS Hulk,1,ATTACK,1,0.9978259994651004,DoS Hulk,True
DoS Hulk,1,ATTACK,1,0.9978259994651004,DoS Hulk,True
DoS Hulk,1,ATTACK,1,0.9978259994651004,DDoS,True
DoS Hulk,1,ATTACK,1,0.9978259994651004,DoS Hulk,True
DoS Hulk,1,ATTACK,1,0.9978259994651004,DDoS,True
DoS Hulk,1,ATTACK,1,0.9807464816274716,DoS Hulk,True
DoS Hulk,1,ATTACK,1,0.9978259994651004,DoS Hulk,True
DoS Hulk,1,ATTACK,1,0.9705432998846638,DoS Hulk,True
DoS Hulk,1,ATTACK,1,0.9978259994651004,DoS Hulk,True
DoS Hulk,1,ATTACK,1,0.9978259994651004,DoS Hulk,True
DoS Hulk,1,ATTACK,1,0.9978259994651004,DoS Hulk,True
DoS Hulk,1,ATTACK,1,0.9978259994651004,DoS Hulk,True
DoS Hulk,1,ATTACK,1,0.9705432998846636,DoS Hulk,True
DoS Hulk,1,ATTACK,1,0.9984845435487212,DoS Hulk,True
DoS Hulk,1,ATTACK,1,0.9821541731945096,DoS Hulk,True
DoS Hulk,1,ATTACK,1,0.970543299884664,DoS Hulk,True
DoS Hulk,1,ATTACK,1,0.9948583680561308,DoS Hulk,True
DoS Hulk,1,ATTACK,1,0.9978259994651004,DoS Hulk,True
DoS Hulk,1,ATTACK,1,0.9978259994651004,DoS Hulk,True
DoS Hulk,1,ATTACK,1,0.9978259994651004,DoS Hulk,True
DoS Hulk,1,ATTACK,1,0.9978259994651004,DoS Hulk,True
DoS Hulk,1,ATTACK,1,0.9978259994651004,DoS Hulk,True
DoS Hulk,1,ATTACK,1,0.9807464816274716,DoS Hulk,True
DoS Hulk,1,ATTACK,1,0.9984845435487212,DoS Hulk,True
DoS Hulk,1,ATTACK,1,0.9978259994651004,DoS Hulk,True
DoS Hulk,1,ATTACK,1,0.9978259994651004,DoS Hulk,True
DoS Hulk,1,ATTACK,1,0.9948583680561308,DoS Hulk,True
DoS Hulk,1,ATTACK,1,0.9984845435487212,DoS Hulk,True
DoS Hulk,1,ATTACK,1,0.9984845435487212,DoS Hulk,True
DoS Hulk,1,ATTACK,1,0.9807464816274716,DoS Hulk,True
DoS Hulk,1,ATTACK,1,0.9948583680561308,DoS Hulk,True
DoS Hulk,1,ATTACK,1,0.9978259994651004,DoS Hulk,True
DoS Hulk,1,ATTACK,1,0.9978259994651004,DoS Hulk,True
DoS Hulk,1,ATTACK,1,0.9978259994651004,DoS Hulk,True
DoS Hulk,1,ATTACK,1,0.9978259994651004,DoS Hulk,True
DoS Hulk,1,ATTACK,1,0.9978259994651004,DoS Hulk,True
DoS Hulk,1,ATTACK,1,0.980746481627472,DoS Hulk,True
DoS Hulk,1,ATTACK,1,0.9978259994651004,DoS Hulk,True
DoS Hulk,1,ATTACK,1,0.9807464816274716,DoS Hulk,True
DoS Hulk,1,ATTACK,1,0.9948583680561308,DoS Hulk,True
DoS Hulk,1,ATTACK,1,0.9984845435487212,DoS Hulk,True
DoS Hulk,1,ATTACK,1,0.9705432998846636,DoS Hulk,True
DoS Hulk,1,ATTACK,1,0.9984845435487212,DoS Hulk,True
DoS Hulk,1,ATTACK,1,0.9978259994651004,DoS Hulk,True
DoS Hulk,1,ATTACK,1,0.9948583680561308,DoS Hulk,True
DoS Hulk,1,ATTACK,1,0.9978259994651004,DoS Hulk,True
DoS Hulk,1,ATTACK,1,0.9844784457456972,DoS Hulk,True
DoS Hulk,1,ATTACK,1,0.9978259994651004,DoS Hulk,True
DoS Hulk,1,ATTACK,1,0.9978259994651004,DoS Hulk,True
DoS Hulk,1,ATTACK,1,0.970543299884664,DoS Hulk,True
DoS Hulk,1,ATTACK,1,0.9948583680561308,DoS Hulk,True
DoS Hulk,1,ATTACK,1,0.9705432998846638,DoS Hulk,True
DoS Hulk,1,ATTACK,1,0.9978259994651004,DoS Hulk,True
DoS Hulk,1,ATTACK,1,0.9978259994651004,DoS Hulk,True
DoS Hulk,1,ATTACK,1,0.9978259994651004,DoS Hulk,True
DoS Hulk,1,ATTACK,1,0.9978259994651004,DoS Hulk,True
DoS Hulk,1,ATTACK,1,0.9705432998846638,DoS Hulk,True
DoS Hulk,1,ATTACK,1,0.9978259994651004,DoS Hulk,True
DoS Hulk,1,ATTACK,1,0.9978259994651004,DoS Hulk,True
DoS Hulk,1,ATTACK,1,0.9978259994651004,DoS Hulk,True
DoS Hulk,1,ATTACK,1,0.9978259994651004,DoS Hulk,True
DoS Hulk,1,ATTACK,1,0.9978259994651004,DoS Hulk,True
DoS Hulk,1,ATTACK,1,0.9807464816274716,DoS Hulk,True
DoS Hulk,1,ATTACK,1,0.971389093310946,DoS Hulk,True
DoS Hulk,1,ATTACK,1,0.9948583680561308,DoS Hulk,True
DoS Hulk,1,ATTACK,1,0.9978259994651004,DoS Hulk,True
DoS Hulk,1,ATTACK,1,0.9978259994651004,DoS Hulk,True
DoS Hulk,1,ATTACK,1,0.9978259994651004,DoS Hulk,True
DoS Hulk,1,ATTACK,1,0.9978259994651004,DoS Hulk,True
DoS Hulk,1,ATTACK,1,0.9978259994651004,DoS Hulk,True
DoS Hulk,1,ATTACK,1,0.9978259994651004,DoS Hulk,True
DoS Hulk,1,ATTACK,1,0.9978259994651004,DoS Hulk,True
DoS Hulk,1,ATTACK,1,0.9978259994651004,DoS Hulk,True
DoS Hulk,1,ATTACK,1,0.9978259994651004,DoS Hulk,True
DoS Hulk,1,ATTACK,1,0.9978259994651004,DoS Hulk,True
DoS Hulk,1,ATTACK,1,0.9978259994651004,DoS Hulk,True
DoS Hulk,1,ATTACK,1,0.9705432998846638,DoS Hulk,True
DoS Hulk,1,ATTACK,1,0.9978259994651004,DoS Hulk,True
DoS Hulk,1,ATTACK,1,0.9821541731945096,DoS Hulk,True
DoS Hulk,1,ATTACK,1,0.9948583680561308,DoS Hulk,True
DoS Hulk,1,ATTACK,1,0.9978259994651004,DoS Hulk,True
DoS Hulk,1,ATTACK,1,0.9978259994651004,DoS Hulk,True
DoS Hulk,1,ATTACK,1,0.9978259994651004,DoS Hulk,True
DoS Hulk,1,ATTACK,1,0.9978259994651004,DoS Hulk,True
DoS Hulk,1,ATTACK,1,0.9843763801186768,DoS Hulk,True
DoS Hulk,1,ATTACK,1,0.9978259994651004,DoS Hulk,True
DoS Hulk,1,ATTACK,1,0.9978259994651004,DoS Hulk,True
DoS Hulk,1,ATTACK,1,0.9978259994651004,DoS Hulk,True
DoS Hulk,1,ATTACK,1,0.9978259994651004,DoS Hulk,True
DoS Hulk,1,ATTACK,1,0.9821541731945096,DoS Hulk,True
DoS Hulk,1,ATTACK,1,0.9978259994651004,DoS Hulk,True
DoS Hulk,1,ATTACK,1,0.9978259994651004,DoS Hulk,True
DoS Hulk,1,ATTACK,1,0.9978259994651004,DoS Hulk,True
DoS Hulk,1,ATTACK,1,0.9978259994651004,DoS Hulk,True
DoS Hulk,1,ATTACK,1,0.971389093310946,DoS Hulk,True
DoS Hulk,1,ATTACK,1,0.9948583680561308,DoS Hulk,True
DoS Hulk,1,ATTACK,1,0.9978259994651004,DoS Hulk,True
DoS Hulk,1,ATTACK,1,0.9978259994651004,DoS Hulk,True
DoS Hulk,1,ATTACK,1,0.9821541731945096,DoS Hulk,True
DoS Hulk,1,ATTACK,1,0.9705432998846638,DoS Hulk,True
DoS Hulk,1,ATTACK,1,0.9978259994651004,DoS Hulk,True
DoS Hulk,1,ATTACK,1,0.9978259994651004,DoS Hulk,True
DoS Hulk,1,ATTACK,1,0.9984845435487212,DoS Hulk,True
DoS Hulk,1,ATTACK,1,0.9978259994651004,DoS Hulk,True
DoS Hulk,1,ATTACK,1,0.8087937840416844,DoS Hulk,True
DoS Hulk,1,ATTACK,1,0.9978259994651004,DoS Hulk,True
DoS Hulk,1,ATTACK,1,0.9951512102153878,DoS Hulk,True
DoS Hulk,1,ATTACK,1,0.9978259994651004,DoS Hulk,True
DoS Hulk,1,ATTACK,1,0.9844353612811844,DoS Hulk,True
DoS Hulk,1,ATTACK,1,0.9978259994651004,DoS Hulk,True
DoS Hulk,1,ATTACK,1,0.9978259994651004,DoS Hulk,True
DoS Hulk,1,ATTACK,1,0.9705432998846638,DoS Hulk,True
DoS Hulk,1,ATTACK,1,0.9978259994651004,DoS Hulk,True
DoS Hulk,1,ATTACK,1,0.9978259994651004,DoS Hulk,True
DoS Hulk,1,ATTACK,1,0.9978259994651004,DoS Hulk,True
DoS Hulk,1,ATTACK,1,0.9984845435487212,DoS Hulk,True
DoS Hulk,1,ATTACK,1,0.9984845435487212,DoS Hulk,True
DoS Hulk,1,ATTACK,1,0.9948583680561308,DoS Hulk,True
DoS Hulk,1,ATTACK,1,0.9978259994651004,DoS Hulk,True
DoS Hulk,1,ATTACK,1,0.9978259994651004,DoS Hulk,True
DoS Hulk,1,ATTACK,1,0.9705432998846638,DoS Hulk,True
DoS Hulk,1,ATTACK,1,0.9978259994651004,DoS Hulk,True
DoS Hulk,1,ATTACK,1,0.9705432998846636,DoS Hulk,True
DoS Hulk,1,ATTACK,1,0.9978259994651004,DoS Hulk,True
DoS Hulk,1,ATTACK,1,0.9821541731945098,DoS Hulk,True
DoS Hulk,1,ATTACK,1,0.9984845435487212,DoS Hulk,True
DoS Hulk,1,ATTACK,1,0.9984845435487212,DoS Hulk,True
DoS Hulk,1,ATTACK,1,0.9978259994651004,DoS Hulk,True
DoS Hulk,1,ATTACK,1,0.9984845435487212,DoS Hulk,True
DoS Hulk,1,ATTACK,1,0.9978259994651004,DoS Hulk,True
DoS Hulk,1,ATTACK,1,0.9978259994651004,DoS Hulk,True
DoS Hulk,1,ATTACK,1,0.9948583680561308,DoS Hulk,True
DoS Hulk,1,ATTACK,1,0.9948583680561308,DoS Hulk,True
DoS Hulk,1,ATTACK,1,0.9978259994651004,DoS Hulk,True
DoS Hulk,1,ATTACK,1,0.9978259994651004,DoS Hulk,True
DoS Hulk,1,ATTACK,1,0.9705432998846636,DoS Hulk,True
DoS Hulk,1,ATTACK,1,0.9978259994651004,DoS Hulk,True
DoS Hulk,1,ATTACK,1,0.9984845435487212,DoS Hulk,True
DoS Hulk,1,ATTACK,1,0.9978259994651004,DoS Hulk,True
DoS Hulk,1,ATTACK,1,0.9978259994651004,DoS Hulk,True
DoS Hulk,1,ATTACK,1,0.9844353612811844,DoS Hulk,True
DoS Hulk,1,ATTACK,1,0.9978259994651004,DoS Hulk,True
DoS Hulk,1,ATTACK,1,0.9978259994651004,DoS Hulk,True
DoS Hulk,1,ATTACK,1,0.9978259994651004,DoS Hulk,True
DoS Hulk,1,ATTACK,1,0.9807464816274716,DoS Hulk,True
DoS Hulk,1,ATTACK,1,0.9805934688381512,DoS Hulk,True
DoS Hulk,1,ATTACK,1,0.9978259994651004,DoS Hulk,True
DoS Hulk,1,ATTACK,1,0.9978259994651004,DoS Hulk,True
DoS Hulk,1,ATTACK,1,0.9978259994651004,DoS Hulk,True
DoS Hulk,1,ATTACK,1,0.9978259994651004,DoS Hulk,True
DoS Hulk,1,ATTACK,1,0.971389093310946,DoS Hulk,True
DoS Hulk,1,ATTACK,1,0.9978259994651004,DoS Hulk,True
DoS Hulk,1,ATTACK,1,0.9978259994651004,DoS Hulk,True
DoS Hulk,1,ATTACK,1,0.9807464816274716,DoS Hulk,True
DoS Hulk,1,ATTACK,1,0.9984845435487212,DoS Hulk,True
DoS Hulk,1,ATTACK,1,0.9978259994651004,DoS Hulk,True
DoS Hulk,1,ATTACK,1,0.9978259994651004,DoS Hulk,True
DoS Hulk,1,ATTACK,1,0.9978259994651004,DoS Hulk,True
DoS Hulk,1,ATTACK,1,0.9978259994651004,DoS Hulk,True
DoS Hulk,1,ATTACK,1,0.9978259994651004,DoS Hulk,True
DoS Hulk,1,ATTACK,1,0.9978259994651004,DoS Hulk,True
DoS Hulk,1,ATTACK,1,0.9978259994651004,DoS Hulk,True
DoS Hulk,1,ATTACK,1,0.9807464816274718,DoS Hulk,True
DoS Hulk,1,ATTACK,1,0.9978259994651004,DoS Hulk,True
DoS Hulk,1,ATTACK,1,0.9837454320766724,DoS Hulk,True
DoS Hulk,1,ATTACK,1,0.9978259994651004,DoS Hulk,True
DoS Hulk,1,ATTACK,1,0.9948583680561308,DoS Hulk,True
DoS Hulk,1,ATTACK,1,0.9807464816274718,DoS Hulk,True
DoS Hulk,1,ATTACK,1,0.9978259994651004,DoS Hulk,True
DoS Hulk,1,ATTACK,1,0.9705432998846634,DoS Hulk,True
DoS Hulk,1,ATTACK,1,0.9978259994651004,DoS Hulk,True
DoS Hulk,1,ATTACK,1,0.9807464816274716,DoS Hulk,True
DoS Hulk,1,ATTACK,1,0.9984845435487212,DoS Hulk,True
DoS Hulk,1,ATTACK,1,0.9978259994651004,DoS Hulk,True
DoS Hulk,1,ATTACK,1,0.9978259994651004,DoS Hulk,True
DoS Hulk,1,ATTACK,1,0.9978259994651004,DoS Hulk,True
DoS Hulk,1,ATTACK,1,0.9978259994651004,DoS Hulk,True
DoS Hulk,1,ATTACK,1,0.9978259994651004,DoS Hulk,True
DoS Hulk,1,ATTACK,1,0.9837454320766724,DoS Hulk,True
DoS Hulk,1,ATTACK,1,0.9978259994651004,DoS Hulk,True
DoS Hulk,1,ATTACK,1,0.9948583680561308,DoS Hulk,True
DoS Hulk,1,ATTACK,1,0.9948583680561308,DoS Hulk,True
DoS Hulk,1,ATTACK,1,0.9807464816274716,DoS Hulk,True
DoS Hulk,1,ATTACK,1,0.9978259994651004,DoS Hulk,True
DoS Hulk,1,ATTACK,1,0.9844784457456972,DoS Hulk,True
DoS Hulk,1,ATTACK,1,0.9978259994651004,DoS Hulk,True
DoS Hulk,1,ATTACK,1,0.9978259994651004,DoS Hulk,True
DoS Hulk,1,ATTACK,1,0.9978259994651004,DoS Hulk,True
DoS Hulk,1,ATTACK,1,0.9821541731945098,DoS Hulk,True
DoS Hulk,1,ATTACK,1,0.9978259994651004,DoS Hulk,True
DoS Hulk,1,ATTACK,1,0.9978259994651004,DoS Hulk,True
DoS Hulk,1,ATTACK,1,0.9948583680561308,DoS Hulk,True
DoS Hulk,1,ATTACK,1,0.9978259994651004,DoS Hulk,True
DoS Hulk,1,ATTACK,1,0.9948583680561308,DoS Hulk,True
DoS Hulk,1,ATTACK,1,0.9984792215689444,DoS Hulk,True
DoS Hulk,1,ATTACK,1,0.971389093310946,DoS Hulk,True
DoS Hulk,1,ATTACK,1,0.9978259994651004,DoS Hulk,True
DoS Hulk,1,ATTACK,1,0.9821541731945096,DoS Hulk,True
DoS Hulk,1,ATTACK,1,0.9948583680561308,DoS Hulk,True
DoS Hulk,1,ATTACK,1,0.9821541731945098,DoS Hulk,True
DoS Hulk,1,ATTACK,1,0.9807464816274716,DoS Hulk,True
DoS Hulk,1,ATTACK,1,0.9948583680561308,DoS Hulk,True
DoS Hulk,1,ATTACK,1,0.9978259994651004,DoS Hulk,True
DoS Hulk,1,ATTACK,1,0.9948583680561308,DoS Hulk,True
DoS Hulk,1,ATTACK,1,0.9844207271348432,DoS Hulk,True
DoS Hulk,1,ATTACK,1,0.9978259994651004,DoS Hulk,True
DoS Hulk,1,ATTACK,1,0.9844353612811844,DoS Hulk,True
DoS Hulk,1,ATTACK,1,0.9978259994651004,DoS Hulk,True
DoS Hulk,1,ATTACK,1,0.9592351296381768,DoS Hulk,True
DoS Hulk,1,ATTACK,1,0.9807464816274716,DoS Hulk,True
DoS Hulk,1,ATTACK,1,0.9978259994651004,DoS Hulk,True
DoS Hulk,1,ATTACK,1,0.9821541731945096,DoS Hulk,True
DoS Hulk,1,ATTACK,1,0.9978259994651004,DoS Hulk,True
DoS Hulk,1,ATTACK,1,0.9978259994651004,DoS Hulk,True
DoS Hulk,1,ATTACK,1,0.9984845435487212,DoS Hulk,True
DoS Hulk,1,ATTACK,1,0.9978259994651004,DoS Hulk,True
DoS Hulk,1,ATTACK,1,0.9821541731945096,DoS Hulk,True
DoS Hulk,1,ATTACK,1,0.9948583680561308,DoS Hulk,True
DoS Hulk,1,ATTACK,1,0.9807464816274718,DoS Hulk,True
DoS Hulk,1,ATTACK,1,0.9948583680561308,DoS Hulk,True
DoS Hulk,1,ATTACK,1,0.9978259994651004,DoS Hulk,True
DoS Hulk,1,ATTACK,1,0.9978259994651004,DoS Hulk,True
DoS Hulk,1,ATTACK,1,0.9705432998846636,DoS Hulk,True
DoS Hulk,1,ATTACK,1,0.9978259994651004,DoS Hulk,True
DoS Hulk,1,ATTACK,1,0.9978259994651004,DoS Hulk,True
DoS Hulk,1,ATTACK,1,0.9978259994651004,DoS Hulk,True
DoS Hulk,1,ATTACK,1,0.9705432998846638,DoS Hulk,True
DoS Hulk,1,ATTACK,1,0.9807464816274716,DoS Hulk,True
DoS Hulk,1,ATTACK,1,0.9978259994651004,DoS Hulk,True
DoS Hulk,1,ATTACK,1,0.9984845435487212,DoS Hulk,True
DoS Hulk,1,ATTACK,1,0.9843763801186768,DoS Hulk,True
DoS Hulk,1,ATTACK,1,0.9799153789801868,DoS Hulk,True
DoS Hulk,1,ATTACK,1,0.9978259994651004,DoS Hulk,True
DoS Hulk,1,ATTACK,1,0.9984845435487212,DoS Hulk,True
DoS Hulk,1,ATTACK,1,0.9705432998846638,DoS Hulk,True
DoS GoldenEye,1,ATTACK,1,0.6906822522480415,DoS GoldenEye,True
DoS GoldenEye,1,ATTACK,1,0.6905857591911588,Web_Attack,True
DoS GoldenEye,1,ATTACK,1,0.7065329495095973,DoS GoldenEye,True
DoS GoldenEye,1,ATTACK,1,0.6905857591911589,Web_Attack,True
DoS GoldenEye,1,ATTACK,1,0.661659318366435,DoS GoldenEye,True
DoS GoldenEye,1,ATTACK,1,0.651156572492441,Web_Attack,True
DoS GoldenEye,1,ATTACK,1,0.6616593183664348,DoS GoldenEye,True
DoS GoldenEye,1,ATTACK,1,0.661659318366435,DoS GoldenEye,True
DoS GoldenEye,1,ATTACK,1,0.6251355088426254,Web_Attack,True
DoS GoldenEye,1,ATTACK,1,0.6127394777709065,Web_Attack,True
DoS GoldenEye,1,ATTACK,1,0.3878285329652896,Web_Attack,True
DoS GoldenEye,1,ATTACK,1,0.4597715164493526,Web_Attack,True
DoS GoldenEye,1,ATTACK,1,0.4426841157532564,Web_Attack,True
DoS GoldenEye,1,ATTACK,1,0.4831607548451685,Web_Attack,True
DoS GoldenEye,1,ATTACK,1,0.5044524679161397,Web_Attack,True
DoS GoldenEye,1,ATTACK,1,0.5044524679161398,Web_Attack,True
DoS GoldenEye,1,ATTACK,1,0.3569700755791297,Web_Attack,True
DoS GoldenEye,1,ATTACK,1,0.3569700755791297,Web_Attack,True
DoS GoldenEye,1,ATTACK,1,0.4722985337426744,Web_Attack,True
DoS GoldenEye,1,ATTACK,1,0.3459507824674189,DoS Hulk,True
DoS GoldenEye,1,ATTACK,1,0.3569700755791297,Web_Attack,True
DoS GoldenEye,1,ATTACK,1,0.3569700755791297,Web_Attack,True
DoS GoldenEye,1,ATTACK,1,0.4856607548451686,Web_Attack,True
DoS GoldenEye,1,ATTACK,1,0.4728620258061664,Web_Attack,True
DoS GoldenEye,1,ATTACK,1,0.4728620258061664,Web_Attack,True
DoS GoldenEye,1,ATTACK,1,0.4852809588599039,Web_Attack,True
DoS GoldenEye,1,ATTACK,1,0.4478631357975494,Web_Attack,True
DoS GoldenEye,1,ATTACK,1,0.4728620258061664,Web_Attack,True
DoS GoldenEye,1,ATTACK,1,0.4728620258061664,Web_Attack,True
DoS GoldenEye,1,ATTACK,1,0.4478631357975494,Web_Attack,True
DoS GoldenEye,1,ATTACK,1,0.3898605046896412,DoS Hulk,True
DoS GoldenEye,1,ATTACK,1,0.4728620258061664,Web_Attack,True
DoS GoldenEye,1,ATTACK,1,0.3923902341903327,Web_Attack,True
DoS GoldenEye,1,ATTACK,1,0.4751883170262345,DoS GoldenEye,True
DoS GoldenEye,1,ATTACK,1,0.3923902341903327,Web_Attack,True
DoS GoldenEye,1,ATTACK,1,0.4852809588599038,Web_Attack,True
DoS GoldenEye,1,ATTACK,1,0.4478631357975495,Web_Attack,True
DoS GoldenEye,1,ATTACK,1,0.4728620258061664,Web_Attack,True
DoS GoldenEye,1,ATTACK,1,0.4478631357975494,Web_Attack,True
DoS GoldenEye,1,ATTACK,1,0.5226873782935302,Web_Attack,True
DoS GoldenEye,1,ATTACK,1,0.4148841820488056,Web_Attack,True
DoS GoldenEye,1,ATTACK,1,0.4710397940728106,Web_Attack,True
DoS GoldenEye,1,ATTACK,1,0.4587101444373763,Web_Attack,True
DoS GoldenEye,1,ATTACK,1,0.4512005586329996,Web_Attack,True
DoS GoldenEye,1,ATTACK,1,0.5163551549515798,Web_Attack,True
DoS GoldenEye,1,ATTACK,1,0.5042038752905521,Web_Attack,True
DoS GoldenEye,1,ATTACK,1,0.3859323237670278,Web_Attack,True
DoS GoldenEye,1,ATTACK,1,0.5347356141311432,DoS GoldenEye,True
DoS GoldenEye,1,ATTACK,1,0.4512005586329996,Web_Attack,True
DoS GoldenEye,1,ATTACK,1,0.4098841820488056,Web_Attack,True
DoS GoldenEye,1,ATTACK,1,0.5163551549515798,Web_Attack,True
DoS GoldenEye,1,ATTACK,1,0.5226873782935302,Web_Attack,True
DoS GoldenEye,1,ATTACK,1,0.4776220174147609,Web_Attack,True
DoS GoldenEye,1,ATTACK,1,0.5347356141311432,DoS GoldenEye,True
DoS GoldenEye,1,ATTACK,1,0.4710397940728106,Web_Attack,True
DoS GoldenEye,1,ATTACK,1,0.4098841820488056,Web_Attack,True
DoS GoldenEye,1,ATTACK,1,0.4098841820488056,Web_Attack,True
DoS GoldenEye,1,ATTACK,1,0.5163551549515799,Web_Attack,True
DoS GoldenEye,1,ATTACK,1,0.5226873782935301,Web_Attack,True
DoS GoldenEye,1,ATTACK,1,0.5163551549515798,Web_Attack,True
DoS GoldenEye,1,ATTACK,1,0.5226873782935302,Web_Attack,True
DoS GoldenEye,1,ATTACK,1,0.5226873782935302,Web_Attack,True
DoS GoldenEye,1,ATTACK,1,0.5226873782935302,Web_Attack,True
DoS GoldenEye,1,ATTACK,1,0.5042038752905521,Web_Attack,True
DoS GoldenEye,1,ATTACK,1,0.5163551549515799,Web_Attack,True
DoS GoldenEye,1,ATTACK,1,0.5042038752905521,Web_Attack,True
DoS GoldenEye,1,ATTACK,1,0.5038197409143628,Web_Attack,True
DoS GoldenEye,1,ATTACK,1,0.3827800914191999,DoS Hulk,True
DoS GoldenEye,1,ATTACK,1,0.5054697111698019,Web_Attack,True
DoS GoldenEye,1,ATTACK,1,0.3911134247525332,DoS Hulk,True
DoS GoldenEye,1,ATTACK,1,0.3911134247525332,DoS Hulk,True
DoS GoldenEye,1,ATTACK,1,0.4672463991174089,DoS Hulk,True
DoS GoldenEye,1,ATTACK,1,0.4672463991174089,DoS Hulk,True
DoS GoldenEye,1,ATTACK,1,0.4907010766913672,Web_Attack,True
DoS GoldenEye,1,ATTACK,1,0.4923677433580339,Web_Attack,True
DoS GoldenEye,1,ATTACK,1,0.3911134247525332,DoS Hulk,True
DoS GoldenEye,1,ATTACK,1,0.5363254218918518,Web_Attack,True
DoS GoldenEye,1,ATTACK,1,0.4894391898429091,Web_Attack,True
DoS GoldenEye,1,ATTACK,1,0.366114089194954,DoS Hulk,True
DoS GoldenEye,1,ATTACK,1,0.5688303576619671,DoS Hulk,True
DoS GoldenEye,1,ATTACK,1,0.5395962358570171,DoS Hulk,True
DoS GoldenEye,1,ATTACK,1,0.3948868164676811,DoS Hulk,True
DoS GoldenEye,1,ATTACK,1,0.5688303576619671,DoS Hulk,True
DoS GoldenEye,1,ATTACK,1,0.3948868164676812,DoS Hulk,True
DoS GoldenEye,1,ATTACK,1,0.6055967421586484,DoS Hulk,True
DoS GoldenEye,1,ATTACK,1,0.5216875918747226,DoS Hulk,True
DoS GoldenEye,1,ATTACK,1,0.6055967421586483,DoS Hulk,True
DoS GoldenEye,1,ATTACK,1,0.6055967421586483,DoS Hulk,True
DoS GoldenEye,1,ATTACK,1,0.4710118089656168,Web_Attack,True
DoS GoldenEye,1,ATTACK,1,0.6055967421586484,DoS Hulk,True
DoS GoldenEye,1,ATTACK,1,0.4079791715128795,DoS Hulk,True
DoS GoldenEye,1,ATTACK,1,0.5675038376337703,DoS Hulk,True
DoS GoldenEye,1,ATTACK,1,0.5153950729364618,DoS Hulk,True
DoS GoldenEye,1,ATTACK,1,0.5727748072855884,DoS Hulk,True
DoS GoldenEye,1,ATTACK,1,0.5727748072855885,DoS Hulk,True
DoS GoldenEye,1,ATTACK,1,0.5727748072855885,DoS Hulk,True
DoS GoldenEye,1,ATTACK,1,0.5137284062697953,DoS Hulk,True
DoS GoldenEye,1,ATTACK,1,0.6210557710314203,DoS Hulk,True
DoS GoldenEye,1,ATTACK,1,0.6038701517488387,DoS Hulk,True
DoS GoldenEye,1,ATTACK,1,0.6202224376980868,DoS Hulk,True
DoS GoldenEye,1,ATTACK,1,0.5682748072855884,DoS Hulk,True
DoS GoldenEye,1,ATTACK,1,0.6131800754919817,DoS Hulk,True
DoS GoldenEye,1,ATTACK,1,0.6038701517488388,DoS Hulk,True
DoS GoldenEye,1,ATTACK,1,0.5708371709671037,DoS Hulk,True
DoS GoldenEye,1,ATTACK,1,0.5682748072855884,DoS Hulk,True
DoS GoldenEye,1,ATTACK,1,0.6106800754919817,DoS Hulk,True
DoS GoldenEye,1,ATTACK,1,0.5961922646312804,DoS Hulk,True
DoS GoldenEye,1,ATTACK,1,0.4920996889994197,DoS Hulk,True
DoS GoldenEye,1,ATTACK,1,0.4856147414793012,DoS Hulk,True
DoS GoldenEye,1,ATTACK,1,0.4158637868974949,DoS Hulk,True
DoS GoldenEye,1,ATTACK,1,0.6340074912682725,DoS Hulk,True
DoS GoldenEye,1,ATTACK,1,0.6941921356915118,DoS Hulk,True
DoS GoldenEye,1,ATTACK,1,0.7070027175291949,DoS Hulk,True
DoS GoldenEye,1,ATTACK,1,0.4158637868974949,DoS Hulk,True
DoS GoldenEye,1,ATTACK,1,0.7336837695514052,DoS Hulk,True
DoS GoldenEye,1,ATTACK,1,0.6340074912682725,DoS Hulk,True
DoS GoldenEye,1,ATTACK,1,0.6340074912682725,DoS Hulk,True
DoS GoldenEye,1,ATTACK,1,0.7070027175291947,DoS Hulk,True
DoS GoldenEye,1,ATTACK,1,0.4856147414793011,DoS Hulk,True
DoS GoldenEye,1,ATTACK,1,0.5947297194627064,DoS Hulk,True
DoS GoldenEye,1,ATTACK,1,0.6431741579349393,DoS Hulk,True
DoS GoldenEye,1,ATTACK,1,0.4158637868974949,DoS Hulk,True
DoS GoldenEye,1,ATTACK,1,0.5947297194627065,DoS Hulk,True
DoS GoldenEye,1,ATTACK,1,0.5868064740893137,DoS Hulk,True
DoS GoldenEye,1,ATTACK,1,0.6415074912682726,DoS Hulk,True
DoS GoldenEye,1,ATTACK,1,0.7386837695514054,DoS Hulk,True
DoS GoldenEye,1,ATTACK,1,0.6415074912682727,DoS Hulk,True
DoS GoldenEye,1,ATTACK,1,0.4158637868974948,DoS Hulk,True
DoS GoldenEye,1,ATTACK,1,0.6278718503034291,DoS Hulk,True
DoS GoldenEye,1,ATTACK,1,0.6050436765711893,Web_Attack,True
DoS GoldenEye,1,ATTACK,1,0.5880630527960399,DoS Hulk,True
DoS GoldenEye,1,ATTACK,1,0.4158637868974949,DoS Hulk,True
DoS GoldenEye,1,ATTACK,1,0.4158637868974949,DoS Hulk,True
DoS GoldenEye,1,ATTACK,1,0.6030489448054709,DoS Hulk,True
DoS GoldenEye,1,ATTACK,1,0.7016921356915118,DoS Hulk,True
DoS GoldenEye,1,ATTACK,1,0.6013822781388043,DoS Hulk,True
DoS GoldenEye,1,ATTACK,1,0.5557987151719649,DoS Hulk,True
DoS GoldenEye,1,ATTACK,1,0.5865279353511117,Web_Attack,True
DoS GoldenEye,1,ATTACK,1,0.6375820831093256,DoS Hulk,True
DoS GoldenEye,1,ATTACK,1,0.5448744128034688,Web_Attack,True
DoS GoldenEye,1,ATTACK,1,0.5465410794701355,Web_Attack,True
DoS GoldenEye,1,ATTACK,1,0.6194363533388659,Web_Attack,True
DoS GoldenEye,1,ATTACK,1,0.5866144875084536,DoS Hulk,True
DoS GoldenEye,1,ATTACK,1,0.6064091646724716,Web_Attack,True
DoS GoldenEye,1,ATTACK,1,0.415552704551803,DoS Hulk,True
DoS GoldenEye,1,ATTACK,1,0.6315969827409067,DoS Hulk,True
DoS GoldenEye,1,ATTACK,1,0.5706153616569046,DoS Hulk,True
DoS GoldenEye,1,ATTACK,1,0.6315969827409067,DoS Hulk,True
DoS GoldenEye,1,ATTACK,1,0.4440305468696433,DoS Slowhttptest,True
DoS GoldenEye,1,ATTACK,1,0.5567452740668571,Web_Attack,True
DoS GoldenEye,1,ATTACK,1,0.3687985255524975,DoS Hulk,True
DoS GoldenEye,1,ATTACK,1,0.3107745639245788,Web_Attack,True
DoS GoldenEye,1,ATTACK,1,0.5436420081136205,Web_Attack,True
DoS GoldenEye,1,ATTACK,1,0.5471420081136205,Web_Attack,True
DoS GoldenEye,1,ATTACK,1,0.5886798971864232,DoS Hulk,True
DoS GoldenEye,1,ATTACK,1,0.5914729879478661,DoS Hulk,True
DoS GoldenEye,1,ATTACK,1,0.3721021646353674,Web_Attack,True
DoS GoldenEye,1,ATTACK,1,0.591472987947866,DoS Hulk,True
DoS GoldenEye,1,ATTACK,1,0.4440305468696433,DoS Slowhttptest,True
DoS GoldenEye,1,ATTACK,1,0.4341971202308282,DoS Hulk,True
DoS GoldenEye,1,ATTACK,1,0.5297628059441796,DoS Hulk,True
DoS GoldenEye,1,ATTACK,1,0.4152492485177398,DoS Hulk,True
DoS GoldenEye,1,ATTACK,1,0.5886798971864232,DoS Hulk,True
DoS GoldenEye,1,ATTACK,1,0.41524924851774,DoS Hulk,True
DoS GoldenEye,1,ATTACK,1,0.41524924851774,DoS Hulk,True
DoS GoldenEye,1,ATTACK,1,0.5850741182402321,DoS Hulk,True
DoS GoldenEye,1,ATTACK,1,0.5895024467354336,DoS Hulk,True
DoS GoldenEye,1,ATTACK,1,0.5981446866721993,Web_Attack,True
DoS GoldenEye,1,ATTACK,1,0.5914729879478661,DoS Hulk,True
DoS GoldenEye,1,ATTACK,1,0.533096139277513,DoS Hulk,True
DoS GoldenEye,1,ATTACK,1,0.7082041193943358,DoS Hulk,True
DoS GoldenEye,1,ATTACK,1,0.4870028629450542,DoS Hulk,True
DoS GoldenEye,1,ATTACK,1,0.591472987947866,DoS Hulk,True
DoS GoldenEye,1,ATTACK,1,0.7090349755937109,DoS Hulk,True
DoS GoldenEye,1,ATTACK,1,0.5861798971864232,DoS Hulk,True
DoS GoldenEye,1,ATTACK,1,0.4152492485177398,DoS Hulk,True
DoS GoldenEye,1,ATTACK,1,0.6323115671016456,DoS Hulk,True
DoS GoldenEye,1,ATTACK,1,0.6235615671016456,DoS Hulk,True
DoS GoldenEye,1,ATTACK,1,0.6273115671016456,DoS Hulk,True
DoS GoldenEye,1,ATTACK,1,0.6358145591929144,DoS Hulk,True
DoS GoldenEye,1,ATTACK,1,0.4856147414793013,DoS Hulk,True
DoS GoldenEye,1,ATTACK,1,0.7045027175291948,DoS Hulk,True
DoS GoldenEye,1,ATTACK,1,0.7045027175291946,DoS Hulk,True
DoS GoldenEye,1,ATTACK,1,0.7045027175291948,DoS Hulk,True
DoS GoldenEye,1,ATTACK,1,0.4856147414793013,DoS Hulk,True
DoS GoldenEye,1,ATTACK,1,0.4158637868974948,DoS Hulk,True
DoS GoldenEye,1,ATTACK,1,0.6657380020209608,DoS Hulk,True
DoS GoldenEye,1,ATTACK,1,0.4853361962783876,DoS Hulk,True
DoS GoldenEye,1,ATTACK,1,0.6657380020209607,DoS Hulk,True
DoS GoldenEye,1,ATTACK,1,0.7090349755937109,DoS Hulk,True
DoS GoldenEye,1,ATTACK,1,0.7090349755937109,DoS Hulk,True
DoS GoldenEye,1,ATTACK,1,0.7090349755937109,DoS Hulk,True
DoS GoldenEye,1,ATTACK,1,0.7090349755937106,DoS Hulk,True
DoS GoldenEye,1,ATTACK,1,0.4325304535641617,DoS Hulk,True
DoS GoldenEye,1,ATTACK,1,0.7065349755937109,DoS Hulk,True
DoS GoldenEye,1,ATTACK,1,0.5397147552722155,DoS Hulk,True
DoS GoldenEye,1,ATTACK,1,0.4325304535641616,DoS Hulk,True
DoS GoldenEye,1,ATTACK,1,0.7065349755937107,DoS Hulk,True
DoS GoldenEye,1,ATTACK,1,0.5373463342195839,DoS Hulk,True
DoS GoldenEye,1,ATTACK,1,0.5275961392775129,DoS Hulk,True
DoS GoldenEye,1,ATTACK,1,0.5916565914341041,Web_Attack,True
DoS GoldenEye,1,ATTACK,1,0.5855483182390548,DoS Hulk,True
DoS GoldenEye,1,ATTACK,1,0.6277122293455276,DoS Hulk,True
DoS GoldenEye,1,ATTACK,1,0.5855483182390548,DoS Hulk,True
DoS GoldenEye,1,ATTACK,1,0.5710162393915572,Web_Attack,True
DoS GoldenEye,1,ATTACK,1,0.6028585498404015,DoS Hulk,True
DoS GoldenEye,1,ATTACK,1,0.1725723221249084,Web_Attack,True
DoS GoldenEye,1,ATTACK,1,0.6229942527866259,Web_Attack,True
DoS GoldenEye,1,ATTACK,1,0.5710162393915572,Web_Attack,True
DoS GoldenEye,1,ATTACK,1,0.4213860378851363,DoS Hulk,True
DoS GoldenEye,1,ATTACK,1,0.4213860378851363,DoS Hulk,True
DoS GoldenEye,1,ATTACK,1,0.6431741579349393,DoS Hulk,True
DoS GoldenEye,1,ATTACK,1,0.7245027175291948,DoS Hulk,True
DoS GoldenEye,1,ATTACK,1,0.4158637868974949,DoS Hulk,True
DoS GoldenEye,1,ATTACK,1,0.5557987151719648,DoS Hulk,True
DoS GoldenEye,1,ATTACK,1,0.4856147414793013,DoS Hulk,True
DoS GoldenEye,1,ATTACK,1,0.4895996889994196,DoS Hulk,True
DoS GoldenEye,1,ATTACK,1,0.5447814861138927,Web_Attack,True
DoS GoldenEye,1,ATTACK,1,0.7016921356915118,DoS Hulk,True
DoS GoldenEye,1,ATTACK,1,0.5448744128034688,Web_Attack,True
DoS GoldenEye,1,ATTACK,1,0.5866144875084536,DoS Hulk,True
DoS GoldenEye,1,ATTACK,1,0.6064091646724716,Web_Attack,True
DoS GoldenEye,1,ATTACK,1,0.5866144875084536,DoS Hulk,True
DoS GoldenEye,1,ATTACK,1,0.5865279353511116,Web_Attack,True
DoS GoldenEye,1,ATTACK,1,0.5865279353511116,Web_Attack,True
DoS GoldenEye,1,ATTACK,1,0.5899486949902379,DoS Hulk,True
DoS GoldenEye,1,ATTACK,1,0.5855134088253151,DoS Hulk,True
DoS GoldenEye,1,ATTACK,1,0.510635609309128,DoS Hulk,True
DoS GoldenEye,1,ATTACK,1,0.5082776819814899,Web_Attack,True
DoS GoldenEye,1,ATTACK,1,0.3737985255524975,DoS Hulk,True
DoS GoldenEye,1,ATTACK,1,0.5118043792476411,Web_Attack,True
DoS GoldenEye,1,ATTACK,1,0.5922156114721375,DoS Hulk,True
DoS GoldenEye,1,ATTACK,1,0.5368599348031966,Web_Attack,True
DoS GoldenEye,1,ATTACK,1,0.641760739192318,DoS Hulk,True
DoS GoldenEye,1,ATTACK,1,0.4290965311730166,Web_Attack,True
DoS GoldenEye,1,ATTACK,1,0.536385144490993,DoS Hulk,True
DoS GoldenEye,1,ATTACK,1,0.6290074912682726,DoS Hulk,True
DoS GoldenEye,1,ATTACK,1,0.4457655120829714,Web_Attack,True
DoS GoldenEye,1,ATTACK,1,0.5914729879478661,DoS Hulk,True
DoS GoldenEye,1,ATTACK,1,0.6694880020209607,DoS Hulk,True
DoS GoldenEye,1,ATTACK,1,0.5886798971864232,DoS Hulk,True
DoS GoldenEye,1,ATTACK,1,0.7090349755937109,DoS Hulk,True
DoS GoldenEye,1,ATTACK,1,0.6694880020209607,DoS Hulk,True
DoS GoldenEye,1,ATTACK,1,0.3838512087911667,DoS Hulk,True
DoS GoldenEye,1,ATTACK,1,0.4158637868974948,DoS Hulk,True
DoS GoldenEye,1,ATTACK,1,0.7286837695514053,DoS Hulk,True
DoS GoldenEye,1,ATTACK,1,0.6122280200055327,Web_Attack,True
DoS GoldenEye,1,ATTACK,1,0.6054887101270171,Web_Attack,True
DoS GoldenEye,1,ATTACK,1,0.5750696020177782,Web_Attack,True
DoS GoldenEye,1,ATTACK,1,0.5305961392775129,DoS Hulk,True
DoS GoldenEye,1,ATTACK,1,0.2888738096570123,Web_Attack,True
DoS GoldenEye,1,ATTACK,1,0.487815387081504,Web_Attack,True
DoS GoldenEye,1,ATTACK,1,0.5269470560153178,Web_Attack,True
DoS GoldenEye,1,ATTACK,1,0.6054887101270172,Web_Attack,True
DoS GoldenEye,1,ATTACK,1,0.5305961392775129,DoS Hulk,True
DoS GoldenEye,1,ATTACK,1,0.5134993568639166,DoS Hulk,True
DoS GoldenEye,1,ATTACK,1,0.5762283562190423,DoS Hulk,True
DoS GoldenEye,1,ATTACK,1,0.3753512087911667,DoS Hulk,True
DoS GoldenEye,1,ATTACK,1,0.6558145591929143,DoS Hulk,True
DoS GoldenEye,1,ATTACK,1,0.362380746846383,Web_Attack,True
DoS GoldenEye,1,ATTACK,1,0.7090349755937109,DoS Hulk,True
DoS GoldenEye,1,ATTACK,1,0.7090349755937111,DoS Hulk,True
DoS GoldenEye,1,ATTACK,1,0.5914729879478661,DoS Hulk,True
DoS GoldenEye,1,ATTACK,1,0.5861798971864232,DoS Hulk,True
DoS GoldenEye,1,ATTACK,1,0.6694880020209607,DoS Hulk,True
DoS GoldenEye,1,ATTACK,1,0.4341971202308283,DoS Hulk,True
DoS GoldenEye,1,ATTACK,1,0.5134993568639166,DoS Hulk,True
DoS GoldenEye,1,ATTACK,1,0.7090349755937109,DoS Hulk,True
DoS GoldenEye,1,ATTACK,1,0.7090349755937109,DoS Hulk,True
DoS GoldenEye,1,ATTACK,1,0.4325304535641616,DoS Hulk,True
DoS GoldenEye,1,ATTACK,1,0.6850203436870389,DoS Hulk,True
DoS GoldenEye,1,ATTACK,1,0.6850203436870389,DoS Hulk,True
DoS GoldenEye,1,ATTACK,1,0.5855483182390548,DoS Hulk,True
DoS GoldenEye,1,ATTACK,1,0.5855483182390548,DoS Hulk,True
DoS GoldenEye,1,ATTACK,1,0.4135825818510732,DoS Hulk,True
DoS GoldenEye,1,ATTACK,1,0.5305961392775129,DoS Hulk,True
DoS GoldenEye,1,ATTACK,1,0.4135825818510732,DoS Hulk,True
DoS GoldenEye,1,ATTACK,1,0.4135825818510732,DoS Hulk,True
DoS GoldenEye,1,ATTACK,1,0.4135825818510732,DoS Hulk,True
DoS GoldenEye,1,ATTACK,1,0.5397147552722155,DoS Hulk,True
DoS GoldenEye,1,ATTACK,1,0.3850646092802455,Web_Attack,True
DoS GoldenEye,1,ATTACK,1,0.5429403148172259,Web_Attack,True
DoS GoldenEye,1,ATTACK,1,0.3593803115105046,Web_Attack,True
DoS GoldenEye,1,ATTACK,1,0.6028585498404015,DoS Hulk,True
DoS GoldenEye,1,ATTACK,1,0.6617223162359346,DoS Hulk,True
DoS GoldenEye,1,ATTACK,1,0.4856147414793012,DoS Hulk,True
DoS GoldenEye,1,ATTACK,1,0.6030489448054709,DoS Hulk,True
DoS GoldenEye,1,ATTACK,1,0.6030489448054709,DoS Hulk,True
DoS GoldenEye,1,ATTACK,1,0.7245027175291949,DoS Hulk,True
DoS GoldenEye,1,ATTACK,1,0.6050436765711894,Web_Attack,True
DoS GoldenEye,1,ATTACK,1,0.6050436765711893,Web_Attack,True
DoS GoldenEye,1,ATTACK,1,0.6431338353542941,DoS Hulk,True
DoS GoldenEye,1,ATTACK,1,0.631878691297369,DoS Hulk,True
DoS GoldenEye,1,ATTACK,1,0.629378691297369,DoS Hulk,True
DoS GoldenEye,1,ATTACK,1,0.4931091875325671,DoS Hulk,True
DoS GoldenEye,1,ATTACK,1,0.6424897917721367,DoS Hulk,True
DoS GoldenEye,1,ATTACK,1,0.6424897917721367,DoS Hulk,True
DoS GoldenEye,1,ATTACK,1,0.5936918831737348,DoS Hulk,True
DoS GoldenEye,1,ATTACK,1,0.6104036018045454,DoS Hulk,True
DoS GoldenEye,1,ATTACK,1,0.415552704551803,DoS Hulk,True
DoS GoldenEye,1,ATTACK,1,0.5899486949902379,DoS Hulk,True
DoS GoldenEye,1,ATTACK,1,0.6141113265869758,Web_Attack,True
DoS GoldenEye,1,ATTACK,1,0.5848492321267449,Web_Attack,True
DoS GoldenEye,1,ATTACK,1,0.550807950187883,DoS Hulk,True
DoS GoldenEye,1,ATTACK,1,0.5082776819814899,Web_Attack,True
DoS GoldenEye,1,ATTACK,1,0.3725485255524975,DoS Hulk,True
DoS GoldenEye,1,ATTACK,1,0.3725485255524974,DoS Hulk,True
DoS GoldenEye,1,ATTACK,1,0.5920754445107574,DoS Hulk,True
DoS GoldenEye,1,ATTACK,1,0.503645517601955,DoS Hulk,True
DoS GoldenEye,1,ATTACK,1,0.5219557336038165,Web_Attack,True
DoS GoldenEye,1,ATTACK,1,0.4247771569522998,DoS Hulk,True
DoS GoldenEye,1,ATTACK,1,0.5938804839713218,DoS Hulk,True
DoS GoldenEye,1,ATTACK,1,0.41832541744685,DoS Hulk,True
DoS GoldenEye,1,ATTACK,1,0.41832541744685,DoS Hulk,True
DoS GoldenEye,1,ATTACK,1,0.41832541744685,DoS Hulk,True
DoS GoldenEye,1,ATTACK,1,0.4079791715128795,DoS Hulk,True
DoS GoldenEye,1,ATTACK,1,0.7045027175291948,DoS Hulk,True
DoS GoldenEye,1,ATTACK,1,0.6290074912682726,DoS Hulk,True
DoS GoldenEye,1,ATTACK,1,0.415863786897495,DoS Hulk,True
DoS GoldenEye,1,ATTACK,1,0.7045027175291948,DoS Hulk,True
DoS GoldenEye,1,ATTACK,1,0.7243980552656909,DoS Hulk,True
DoS GoldenEye,1,ATTACK,1,0.4856147414793013,DoS Hulk,True
DoS GoldenEye,1,ATTACK,1,0.7045027175291949,DoS Hulk,True
DoS GoldenEye,1,ATTACK,1,0.4158637868974948,DoS Hulk,True
DoS GoldenEye,1,ATTACK,1,0.5294470560153178,Web_Attack,True
DoS GoldenEye,1,ATTACK,1,0.6694880020209608,DoS Hulk,True
DoS GoldenEye,1,ATTACK,1,0.5269470560153179,Web_Attack,True
DoS GoldenEye,1,ATTACK,1,0.533096139277513,DoS Hulk,True
DoS GoldenEye,1,ATTACK,1,0.5981446866721993,Web_Attack,True
DoS GoldenEye,1,ATTACK,1,0.6293788960121943,DoS Hulk,True
DoS GoldenEye,1,ATTACK,1,0.4229370807104225,Web_Attack,True
DoS GoldenEye,1,ATTACK,1,0.6340074912682725,DoS Hulk,True
DoS GoldenEye,1,ATTACK,1,0.7045027175291946,DoS Hulk,True
DoS GoldenEye,1,ATTACK,1,0.530596139277513,DoS Hulk,True
DoS GoldenEye,1,ATTACK,1,0.7090349755937109,DoS Hulk,True
DoS GoldenEye,1,ATTACK,1,0.6876870103537054,DoS Hulk,True
DoS GoldenEye,1,ATTACK,1,0.4341971202308283,DoS Hulk,True
DoS GoldenEye,1,ATTACK,1,0.5914729879478661,DoS Hulk,True
DoS GoldenEye,1,ATTACK,1,0.530596139277513,DoS Hulk,True
DoS GoldenEye,1,ATTACK,1,0.6694880020209607,DoS Hulk,True
DoS GoldenEye,1,ATTACK,1,0.7090349755937109,DoS Hulk,True
DoS GoldenEye,1,ATTACK,1,0.5134993568639167,DoS Hulk,True
DoS GoldenEye,1,ATTACK,1,0.5134993568639167,DoS Hulk,True
DoS GoldenEye,1,ATTACK,1,0.7090349755937109,DoS Hulk,True
DoS GoldenEye,1,ATTACK,1,0.5914729879478661,DoS Hulk,True
DoS GoldenEye,1,ATTACK,1,0.7090349755937108,DoS Hulk,True
DoS GoldenEye,1,ATTACK,1,0.530596139277513,DoS Hulk,True
DoS GoldenEye,1,ATTACK,1,0.6358882425296154,DoS Hulk,True
DoS GoldenEye,1,ATTACK,1,0.4135825818510733,DoS Hulk,True
DoS GoldenEye,1,ATTACK,1,0.5404994128034689,Web_Attack,True
DoS GoldenEye,1,ATTACK,1,0.627938095980469,Web_Attack,True
DoS GoldenEye,1,ATTACK,1,0.5974846627367633,Web_Attack,True
DoS GoldenEye,1,ATTACK,1,0.5429403148172258,Web_Attack,True
DoS GoldenEye,1,ATTACK,1,0.6171320123027716,DoS Hulk,True
DoS GoldenEye,1,ATTACK,1,0.5997156114721376,DoS Hulk,True
DoS GoldenEye,1,ATTACK,1,0.6415074912682727,DoS Hulk,True
DoS GoldenEye,1,ATTACK,1,0.7195027175291948,DoS Hulk,True
DoS GoldenEye,1,ATTACK,1,0.5471420081136205,Web_Attack,True
DoS GoldenEye,1,ATTACK,1,0.7004421356915119,DoS Hulk,True
DoS GoldenEye,1,ATTACK,1,0.7436837695514051,DoS Hulk,True
DoS GoldenEye,1,ATTACK,1,0.5471420081136205,Web_Attack,True
DoS GoldenEye,1,ATTACK,1,0.5578679019351451,DoS Hulk,True
DoS GoldenEye,1,ATTACK,1,0.5401887731402201,DoS Hulk,True
DoS GoldenEye,1,ATTACK,1,0.6146320123027715,DoS Hulk,True
DoS GoldenEye,1,ATTACK,1,0.6146320123027716,DoS Hulk,True
DoS GoldenEye,1,ATTACK,1,0.4931091875325671,DoS Hulk,True
DoS GoldenEye,1,ATTACK,1,0.5416249217267903,DoS Hulk,True
DoS GoldenEye,1,ATTACK,1,0.4870028629450542,DoS Hulk,True
DoS GoldenEye,1,ATTACK,1,0.6217282337683122,DoS Hulk,True
DoS GoldenEye,1,ATTACK,1,0.4744729333782458,DoS Hulk,True
DoS GoldenEye,1,ATTACK,1,0.6091113265869758,Web_Attack,True
DoS GoldenEye,1,ATTACK,1,0.5129302516626933,DoS Hulk,True
DoS GoldenEye,1,ATTACK,1,0.5064689426424613,DoS Hulk,True
DoS GoldenEye,1,ATTACK,1,0.5715803576619671,DoS Hulk,True
DoS GoldenEye,1,ATTACK,1,0.5883254445107575,DoS Hulk,True
DoS GoldenEye,1,ATTACK,1,0.4094514403865635,DoS Hulk,True
DoS GoldenEye,1,ATTACK,1,0.5883254445107574,DoS Hulk,True
DoS GoldenEye,1,ATTACK,1,0.5601409850821721,DoS Hulk,True
DoS GoldenEye,1,ATTACK,1,0.595973454581504,Web_Attack,True
DoS GoldenEye,1,ATTACK,1,0.5468086747802872,Web_Attack,True
DoS GoldenEye,1,ATTACK,1,0.5886798971864233,DoS Hulk,True
DoS GoldenEye,1,ATTACK,1,0.4079791715128795,DoS Hulk,True
DoS GoldenEye,1,ATTACK,1,0.4079791715128795,DoS Hulk,True
DoS GoldenEye,1,ATTACK,1,0.5811081406189217,DoS Hulk,True
DoS GoldenEye,1,ATTACK,1,0.5897156114721376,DoS Hulk,True
DoS GoldenEye,1,ATTACK,1,0.6946088023581783,DoS Hulk,True
DoS GoldenEye,1,ATTACK,1,0.5897156114721376,DoS Hulk,True
DoS GoldenEye,1,ATTACK,1,0.5895024467354337,DoS Hulk,True
DoS GoldenEye,1,ATTACK,1,0.6290074912682726,DoS Hulk,True
DoS GoldenEye,1,ATTACK,1,0.7045027175291948,DoS Hulk,True
DoS GoldenEye,1,ATTACK,1,0.7227313885990242,DoS Hulk,True
DoS GoldenEye,1,ATTACK,1,0.5134993568639166,DoS Hulk,True
DoS GoldenEye,1,ATTACK,1,0.4152492485177398,DoS Hulk,True
DoS GoldenEye,1,ATTACK,1,0.7090349755937109,DoS Hulk,True
DoS GoldenEye,1,ATTACK,1,0.6076446866721993,Web_Attack,True
DoS GoldenEye,1,ATTACK,1,0.4152492485177398,DoS Hulk,True
DoS GoldenEye,1,ATTACK,1,0.4994311853894838,DoS Hulk,True
DoS GoldenEye,1,ATTACK,1,0.5895024467354337,DoS Hulk,True
DoS GoldenEye,1,ATTACK,1,0.4856147414793012,DoS Hulk,True
DoS GoldenEye,1,ATTACK,1,0.6290074912682725,DoS Hulk,True
DoS GoldenEye,1,ATTACK,1,0.4158637868974949,DoS Hulk,True
DoS GoldenEye,1,ATTACK,1,0.7045027175291946,DoS Hulk,True
DoS GoldenEye,1,ATTACK,1,0.533096139277513,DoS Hulk,True
DoS GoldenEye,1,ATTACK,1,0.6694880020209607,DoS Hulk,True
DoS GoldenEye,1,ATTACK,1,0.4870028629450542,DoS Hulk,True
DoS GoldenEye,1,ATTACK,1,0.7090349755937109,DoS Hulk,True
DoS GoldenEye,1,ATTACK,1,0.7090349755937109,DoS Hulk,True
DoS GoldenEye,1,ATTACK,1,0.7090349755937109,DoS Hulk,True
DoS GoldenEye,1,ATTACK,1,0.6876870103537055,DoS Hulk,True
DoS GoldenEye,1,ATTACK,1,0.6694880020209605,DoS Hulk,True
DoS GoldenEye,1,ATTACK,1,0.5134993568639167,DoS Hulk,True
DoS GoldenEye,1,ATTACK,1,0.5134993568639166,DoS Hulk,True
DoS GoldenEye,1,ATTACK,1,0.7090349755937108,DoS Hulk,True
DoS GoldenEye,1,ATTACK,1,0.5861798971864232,DoS Hulk,True
DoS GoldenEye,1,ATTACK,1,0.7090349755937109,DoS Hulk,True
DoS GoldenEye,1,ATTACK,1,0.5914729879478661,DoS Hulk,True
DoS GoldenEye,1,ATTACK,1,0.4870028629450542,DoS Hulk,True
DoS GoldenEye,1,ATTACK,1,0.6105720434603503,Web_Attack,True
DoS GoldenEye,1,ATTACK,1,0.5404994128034688,Web_Attack,True
DoS GoldenEye,1,ATTACK,1,0.6105720434603504,Web_Attack,True
DoS GoldenEye,1,ATTACK,1,0.5672662393915572,Web_Attack,True
DoS GoldenEye,1,ATTACK,1,0.6028585498404015,DoS Hulk,True
DoS GoldenEye,1,ATTACK,1,0.5892820283235713,DoS Hulk,True
DoS GoldenEye,1,ATTACK,1,0.5282901730714223,DoS GoldenEye,True
DoS GoldenEye,1,ATTACK,1,0.4158637868974948,DoS Hulk,True
DoS GoldenEye,1,ATTACK,1,0.4856147414793013,DoS Hulk,True
DoS GoldenEye,1,ATTACK,1,0.5997156114721376,DoS Hulk,True
DoS GoldenEye,1,ATTACK,1,0.7336837695514054,DoS Hulk,True
DoS GoldenEye,1,ATTACK,1,0.694192135691512,DoS Hulk,True
DoS GoldenEye,1,ATTACK,1,0.7004421356915118,DoS Hulk,True
DoS GoldenEye,1,ATTACK,1,0.555798715171965,DoS Hulk,True
DoS GoldenEye,1,ATTACK,1,0.6505252171925904,DoS Hulk,True
DoS GoldenEye,1,ATTACK,1,0.5865279353511116,Web_Attack,True
DoS GoldenEye,1,ATTACK,1,0.4579052568534734,DoS Hulk,True
DoS GoldenEye,1,ATTACK,1,0.619436353338866,Web_Attack,True
DoS GoldenEye,1,ATTACK,1,0.4099401408259499,Web_Attack,True
DoS GoldenEye,1,ATTACK,1,0.5899486949902379,DoS Hulk,True
DoS GoldenEye,1,ATTACK,1,0.6241436034359765,Web_Attack,True
DoS GoldenEye,1,ATTACK,1,0.6579245270416112,Web_Attack,True
DoS GoldenEye,1,ATTACK,1,0.5780134088253152,DoS Hulk,True
DoS GoldenEye,1,ATTACK,1,0.3750485255524975,DoS Hulk,True
DoS GoldenEye,1,ATTACK,1,0.5079302516626933,DoS Hulk,True
DoS GoldenEye,1,ATTACK,1,0.3750485255524974,DoS Hulk,True
DoS GoldenEye,1,ATTACK,1,0.5482987151719648,DoS Hulk,True
DoS GoldenEye,1,ATTACK,1,0.5883254445107574,DoS Hulk,True
DoS GoldenEye,1,ATTACK,1,0.5337474002704833,Web_Attack,True
DoS GoldenEye,1,ATTACK,1,0.4539710459143078,Web_Attack,True
DoS GoldenEye,1,ATTACK,1,0.5164294726108463,DoS Hulk,True
DoS GoldenEye,1,ATTACK,1,0.533477009932411,Web_Attack,True
DoS GoldenEye,1,ATTACK,1,0.41832541744685,DoS Hulk,True
DoS GoldenEye,1,ATTACK,1,0.5897156114721376,DoS Hulk,True
DoS GoldenEye,1,ATTACK,1,0.5872156114721375,DoS Hulk,True
DoS GoldenEye,1,ATTACK,1,0.7045027175291948,DoS Hulk,True
DoS GoldenEye,1,ATTACK,1,0.7227313885990242,DoS Hulk,True
DoS GoldenEye,1,ATTACK,1,0.4158637868974949,DoS Hulk,True
DoS GoldenEye,1,ATTACK,1,0.4856147414793013,DoS Hulk,True
DoS GoldenEye,1,ATTACK,1,0.4856147414793013,DoS Hulk,True
DoS GoldenEye,1,ATTACK,1,0.6290074912682725,DoS Hulk,True
DoS GoldenEye,1,ATTACK,1,0.7045027175291949,DoS Hulk,True
DoS GoldenEye,1,ATTACK,1,0.6076446866721994,Web_Attack,True
DoS GoldenEye,1,ATTACK,1,0.5294470560153178,Web_Attack,True
DoS GoldenEye,1,ATTACK,1,0.6694880020209605,DoS Hulk,True
DoS GoldenEye,1,ATTACK,1,0.6694880020209607,DoS Hulk,True
DoS GoldenEye,1,ATTACK,1,0.7090349755937108,DoS Hulk,True
DoS GoldenEye,1,ATTACK,1,0.7090349755937109,DoS Hulk,True
DoS GoldenEye,1,ATTACK,1,0.6349264686912482,DoS Hulk,True
DoS GoldenEye,1,ATTACK,1,0.5373463342195839,DoS Hulk,True
DoS GoldenEye,1,ATTACK,1,0.6290074912682725,DoS Hulk,True
DoS GoldenEye,1,ATTACK,1,0.7045027175291946,DoS Hulk,True
DoS GoldenEye,1,ATTACK,1,0.6290074912682726,DoS Hulk,True
DoS GoldenEye,1,ATTACK,1,0.4341971202308283,DoS Hulk,True
DoS GoldenEye,1,ATTACK,1,0.4341971202308283,DoS Hulk,True
DoS GoldenEye,1,ATTACK,1,0.6694880020209607,DoS Hulk,True
DoS GoldenEye,1,ATTACK,1,0.6876870103537055,DoS Hulk,True
DoS GoldenEye,1,ATTACK,1,0.5134993568639166,DoS Hulk,True
DoS GoldenEye,1,ATTACK,1,0.7090349755937109,DoS Hulk,True
DoS GoldenEye,1,ATTACK,1,0.7090349755937109,DoS Hulk,True
DoS GoldenEye,1,ATTACK,1,0.5759625309143888,DoS Hulk,True
DoS GoldenEye,1,ATTACK,1,0.7090349755937109,DoS Hulk,True
DoS GoldenEye,1,ATTACK,1,0.5914729879478661,DoS Hulk,True
DoS GoldenEye,1,ATTACK,1,0.6876870103537055,DoS Hulk,True
DoS GoldenEye,1,ATTACK,1,0.4341971202308283,DoS Hulk,True
DoS GoldenEye,1,ATTACK,1,0.5305961392775129,DoS Hulk,True
DoS GoldenEye,1,ATTACK,1,0.5305961392775129,DoS Hulk,True
DoS GoldenEye,1,ATTACK,1,0.5305961392775129,DoS Hulk,True
DoS GoldenEye,1,ATTACK,1,0.5861798971864232,DoS Hulk,True
DoS GoldenEye,1,ATTACK,1,0.6876870103537054,DoS Hulk,True
DoS GoldenEye,1,ATTACK,1,0.7082041193943358,DoS Hulk,True
DoS GoldenEye,1,ATTACK,1,0.6876870103537055,DoS Hulk,True
DoS GoldenEye,1,ATTACK,1,0.4870028629450542,DoS Hulk,True
DoS GoldenEye,1,ATTACK,1,0.3985234741592832,Web_Attack,True
DoS GoldenEye,1,ATTACK,1,0.6293788960121942,DoS Hulk,True
DoS GoldenEye,1,ATTACK,1,0.6028585498404015,DoS Hulk,True
DoS GoldenEye,1,ATTACK,1,0.6028585498404015,DoS Hulk,True
DoS GoldenEye,1,ATTACK,1,0.4158637868974949,DoS Hulk,True
DoS GoldenEye,1,ATTACK,1,0.5471420081136205,Web_Attack,True
DoS GoldenEye,1,ATTACK,1,0.6941921356915118,DoS Hulk,True
DoS GoldenEye,1,ATTACK,1,0.6941921356915118,DoS Hulk,True
DoS GoldenEye,1,ATTACK,1,0.4856147414793012,DoS Hulk,True
DoS GoldenEye,1,ATTACK,1,0.3864754994269849,Web_Attack,True
